run_id,seed,arm,step,epoch,layer_name,stage,density,n_pruned,n_regrown,n_weights,n_live,live_budget_share
rigl_seed0,0,rigl,0,0,stage0.conv1,0,0.2999855324074074,0,0,27648,8294,0.0019722913750181022
rigl_seed0,0,rigl,0,0,stage1.conv0,1,0.30000361689814814,0,0,55296,16589,0.003944820547404786
rigl_seed0,0,rigl,0,0,stage1.conv1,1,0.30000361689814814,0,0,110592,33178,0.007889641094809573
rigl_seed0,0,rigl,0,0,stage2.conv0,2,0.29999909577546297,0,0,221184,66355,0.015779044392250564
rigl_seed0,0,rigl,0,0,stage2.conv1,2,0.29999909577546297,0,0,442368,132710,0.03155808878450113
rigl_seed0,0,rigl,0,0,stage3.conv0,3,0.30000022605613424,0,0,884736,265421,0.06311641536637085
rigl_seed0,0,rigl,0,0,stage3.conv1,3,0.30000022605613424,0,0,1769472,530842,0.1262328307327417
rigl_seed0,0,rigl,0,0,stage4.conv0,4,0.3,0,0,2211840,663552,0.1577909195172428
rigl_seed0,0,rigl,0,0,stage4.conv1,4,0.3,0,0,2764800,829440,0.1972386493965535
rigl_seed0,0,rigl,0,0,stage5.conv0,5,0.3,0,0,2764800,829440,0.1972386493965535
rigl_seed0,0,rigl,0,0,stage5.conv1,5,0.3,0,0,2764800,829440,0.1972386493965535
rigl_seed0,0,rigl,250,1,stage0.conv1,0,0.2999855324074074,2487,2487,27648,8294,0.0019722913750181022
rigl_seed0,0,rigl,250,1,stage1.conv0,1,0.30000361689814814,4975,4975,55296,16589,0.003944820547404786
rigl_seed0,0,rigl,250,1,stage1.conv1,1,0.30000361689814814,9950,9950,110592,33178,0.007889641094809573
rigl_seed0,0,rigl,250,1,stage2.conv0,2,0.29999909577546297,19900,19900,221184,66355,0.015779044392250564
rigl_seed0,0,rigl,250,1,stage2.conv1,2,0.29999909577546297,39801,39801,442368,132710,0.03155808878450113
rigl_seed0,0,rigl,250,1,stage3.conv0,3,0.30000022605613424,79603,79603,884736,265421,0.06311641536637085
rigl_seed0,0,rigl,250,1,stage3.conv1,3,0.30000022605613424,159207,159207,1769472,530842,0.1262328307327417
rigl_seed0,0,rigl,250,1,stage4.conv0,4,0.3,199009,199009,2211840,663552,0.1577909195172428
rigl_seed0,0,rigl,250,1,stage4.conv1,4,0.3,248762,248762,2764800,829440,0.1972386493965535
rigl_seed0,0,rigl,250,1,stage5.conv0,5,0.3,248762,248762,2764800,829440,0.1972386493965535
rigl_seed0,0,rigl,250,1,stage5.conv1,5,0.3,248762,248762,2764800,829440,0.1972386493965535
rigl_seed0,0,rigl,500,2,stage0.conv1,0,0.2999855324074074,2483,2483,27648,8294,0.0019722913750181022
rigl_seed0,0,rigl,500,2,stage1.conv0,1,0.30000361689814814,4967,4967,55296,16589,0.003944820547404786
rigl_seed0,0,rigl,500,2,stage1.conv1,1,0.30000361689814814,9935,9935,110592,33178,0.007889641094809573
rigl_seed0,0,rigl,500,2,stage2.conv0,2,0.29999909577546297,19871,19871,221184,66355,0.015779044392250564
rigl_seed0,0,rigl,500,2,stage2.conv1,2,0.29999909577546297,39743,39743,442368,132710,0.03155808878450113
rigl_seed0,0,rigl,500,2,stage3.conv0,3,0.30000022605613424,79486,79486,884736,265421,0.06311641536637085
rigl_seed0,0,rigl,500,2,stage3.conv1,3,0.30000022605613424,158973,158973,1769472,530842,0.1262328307327417
rigl_seed0,0,rigl,500,2,stage4.conv0,4,0.3,198716,198716,2211840,663552,0.1577909195172428
rigl_seed0,0,rigl,500,2,stage4.conv1,4,0.3,248395,248395,2764800,829440,0.1972386493965535
rigl_seed0,0,rigl,500,2,stage5.conv0,5,0.3,248395,248395,2764800,829440,0.1972386493965535
rigl_seed0,0,rigl,500,2,stage5.conv1,5,0.3,248395,248395,2764800,829440,0.1972386493965535
rigl_seed0,0,rigl,750,3,stage0.conv1,0,0.2999855324074074,2479,2479,27648,8294,0.0019722913750181022
rigl_seed0,0,rigl,750,3,stage1.conv0,1,0.30000361689814814,4959,4959,55296,16589,0.003944820547404786
rigl_seed0,0,rigl,750,3,stage1.conv1,1,0.30000361689814814,9919,9919,110592,33178,0.007889641094809573
rigl_seed0,0,rigl,750,3,stage2.conv0,2,0.29999909577546297,19838,19838,221184,66355,0.015779044392250564
rigl_seed0,0,rigl,750,3,stage2.conv1,2,0.29999909577546297,39676,39676,442368,132710,0.03155808878450113
rigl_seed0,0,rigl,750,3,stage3.conv0,3,0.30000022605613424,79352,79352,884736,265421,0.06311641536637085
rigl_seed0,0,rigl,750,3,stage3.conv1,3,0.30000022605613424,158705,158705,1769472,530842,0.1262328307327417
rigl_seed0,0,rigl,750,3,stage4.conv0,4,0.3,198381,198381,2211840,663552,0.1577909195172428
rigl_seed0,0,rigl,750,3,stage4.conv1,4,0.3,247977,247977,2764800,829440,0.1972386493965535
rigl_seed0,0,rigl,750,3,stage5.conv0,5,0.3,247977,247977,2764800,829440,0.1972386493965535
rigl_seed0,0,rigl,750,3,stage5.conv1,5,0.3,247977,247977,2764800,829440,0.1972386493965535
rigl_seed0,0,rigl,1000,4,stage0.conv1,0,0.2999855324074074,2470,2470,27648,8294,0.0019722913750181022
rigl_seed0,0,rigl,1000,4,stage1.conv0,1,0.30000361689814814,4941,4941,55296,16589,0.003944820547404786
rigl_seed0,0,rigl,1000,4,stage1.conv1,1,0.30000361689814814,9883,9883,110592,33178,0.007889641094809573
rigl_seed0,0,rigl,1000,4,stage2.conv0,2,0.29999909577546297,19767,19767,221184,66355,0.015779044392250564
rigl_seed0,0,rigl,1000,4,stage2.conv1,2,0.29999909577546297,39534,39534,442368,132710,0.03155808878450113
rigl_seed0,0,rigl,1000,4,stage3.conv0,3,0.30000022605613424,79068,79068,884736,265421,0.06311641536637085
rigl_seed0,0,rigl,1000,4,stage3.conv1,3,0.30000022605613424,158137,158137,1769472,530842,0.1262328307327417
rigl_seed0,0,rigl,1000,4,stage4.conv0,4,0.3,197671,197671,2211840,663552,0.1577909195172428
rigl_seed0,0,rigl,1000,4,stage4.conv1,4,0.3,247089,247089,2764800,829440,0.1972386493965535
rigl_seed0,0,rigl,1000,4,stage5.conv0,5,0.3,247089,247089,2764800,829440,0.1972386493965535
rigl_seed0,0,rigl,1000,4,stage5.conv1,5,0.3,247089,247089,2764800,829440,0.1972386493965535
rigl_seed0,0,rigl,1250,5,stage0.conv1,0,0.2999855324074074,2463,2463,27648,8294,0.0019722913750181022
rigl_seed0,0,rigl,1250,5,stage1.conv0,1,0.30000361689814814,4926,4926,55296,16589,0.003944820547404786
rigl_seed0,0,rigl,1250,5,stage1.conv1,1,0.30000361689814814,9853,9853,110592,33178,0.007889641094809573
rigl_seed0,0,rigl,1250,5,stage2.conv0,2,0.29999909577546297,19705,19705,221184,66355,0.015779044392250564
rigl_seed0,0,rigl,1250,5,stage2.conv1,2,0.29999909577546297,39411,39411,442368,132710,0.03155808878450113
rigl_seed0,0,rigl,1250,5,stage3.conv0,3,0.30000022605613424,78824,78824,884736,265421,0.06311641536637085
rigl_seed0,0,rigl,1250,5,stage3.conv1,3,0.30000022605613424,157648,157648,1769472,530842,0.1262328307327417
rigl_seed0,0,rigl,1250,5,stage4.conv0,4,0.3,197060,197060,2211840,663552,0.1577909195172428
rigl_seed0,0,rigl,1250,5,stage4.conv1,4,0.3,246325,246325,2764800,829440,0.1972386493965535
rigl_seed0,0,rigl,1250,5,stage5.conv0,5,0.3,246325,246325,2764800,829440,0.1972386493965535
rigl_seed0,0,rigl,1250,5,stage5.conv1,5,0.3,246325,246325,2764800,829440,0.1972386493965535
rigl_seed0,0,rigl,1500,6,stage0.conv1,0,0.2999855324074074,2449,2449,27648,8294,0.0019722913750181022
rigl_seed0,0,rigl,1500,6,stage1.conv0,1,0.30000361689814814,4898,4898,55296,16589,0.003944820547404786
rigl_seed0,0,rigl,1500,6,stage1.conv1,1,0.30000361689814814,9797,9797,110592,33178,0.007889641094809573
rigl_seed0,0,rigl,1500,6,stage2.conv0,2,0.29999909577546297,19593,19593,221184,66355,0.015779044392250564
rigl_seed0,0,rigl,1500,6,stage2.conv1,2,0.29999909577546297,39187,39187,442368,132710,0.03155808878450113
rigl_seed0,0,rigl,1500,6,stage3.conv0,3,0.30000022605613424,78375,78375,884736,265421,0.06311641536637085
rigl_seed0,0,rigl,1500,6,stage3.conv1,3,0.30000022605613424,156750,156750,1769472,530842,0.1262328307327417
rigl_seed0,0,rigl,1500,6,stage4.conv0,4,0.3,195938,195938,2211840,663552,0.1577909195172428
rigl_seed0,0,rigl,1500,6,stage4.conv1,4,0.3,244923,244923,2764800,829440,0.1972386493965535
rigl_seed0,0,rigl,1500,6,stage5.conv0,5,0.3,244923,244923,2764800,829440,0.1972386493965535
rigl_seed0,0,rigl,1500,6,stage5.conv1,5,0.3,244923,244923,2764800,829440,0.1972386493965535
rigl_seed0,0,rigl,1750,7,stage0.conv1,0,0.2999855324074074,2438,2438,27648,8294,0.0019722913750181022
rigl_seed0,0,rigl,1750,7,stage1.conv0,1,0.30000361689814814,4876,4876,55296,16589,0.003944820547404786
rigl_seed0,0,rigl,1750,7,stage1.conv1,1,0.30000361689814814,9752,9752,110592,33178,0.007889641094809573
rigl_seed0,0,rigl,1750,7,stage2.conv0,2,0.29999909577546297,19505,19505,221184,66355,0.015779044392250564
rigl_seed0,0,rigl,1750,7,stage2.conv1,2,0.29999909577546297,39010,39010,442368,132710,0.03155808878450113
rigl_seed0,0,rigl,1750,7,stage3.conv0,3,0.30000022605613424,78022,78022,884736,265421,0.06311641536637085
rigl_seed0,0,rigl,1750,7,stage3.conv1,3,0.30000022605613424,156044,156044,1769472,530842,0.1262328307327417
rigl_seed0,0,rigl,1750,7,stage4.conv0,4,0.3,195055,195055,2211840,663552,0.1577909195172428
rigl_seed0,0,rigl,1750,7,stage4.conv1,4,0.3,243818,243818,2764800,829440,0.1972386493965535
rigl_seed0,0,rigl,1750,7,stage5.conv0,5,0.3,243818,243818,2764800,829440,0.1972386493965535
rigl_seed0,0,rigl,1750,7,stage5.conv1,5,0.3,243818,243818,2764800,829440,0.1972386493965535
rigl_seed0,0,rigl,2000,8,stage0.conv1,0,0.2999855324074074,2418,2418,27648,8294,0.0019722913750181022
rigl_seed0,0,rigl,2000,8,stage1.conv0,1,0.30000361689814814,4838,4838,55296,16589,0.003944820547404786
rigl_seed0,0,rigl,2000,8,stage1.conv1,1,0.30000361689814814,9676,9676,110592,33178,0.007889641094809573
rigl_seed0,0,rigl,2000,8,stage2.conv0,2,0.29999909577546297,19352,19352,221184,66355,0.015779044392250564
rigl_seed0,0,rigl,2000,8,stage2.conv1,2,0.29999909577546297,38705,38705,442368,132710,0.03155808878450113
rigl_seed0,0,rigl,2000,8,stage3.conv0,3,0.30000022605613424,77411,77411,884736,265421,0.06311641536637085
rigl_seed0,0,rigl,2000,8,stage3.conv1,3,0.30000022605613424,154823,154823,1769472,530842,0.1262328307327417
rigl_seed0,0,rigl,2000,8,stage4.conv0,4,0.3,193529,193529,2211840,663552,0.1577909195172428
rigl_seed0,0,rigl,2000,8,stage4.conv1,4,0.3,241911,241911,2764800,829440,0.1972386493965535
rigl_seed0,0,rigl,2000,8,stage5.conv0,5,0.3,241911,241911,2764800,829440,0.1972386493965535
rigl_seed0,0,rigl,2000,8,stage5.conv1,5,0.3,241911,241911,2764800,829440,0.1972386493965535
rigl_seed0,0,rigl,2250,9,stage0.conv1,0,0.2999855324074074,2404,2404,27648,8294,0.0019722913750181022
rigl_seed0,0,rigl,2250,9,stage1.conv0,1,0.30000361689814814,4809,4809,55296,16589,0.003944820547404786
rigl_seed0,0,rigl,2250,9,stage1.conv1,1,0.30000361689814814,9619,9619,110592,33178,0.007889641094809573
rigl_seed0,0,rigl,2250,9,stage2.conv0,2,0.29999909577546297,19237,19237,221184,66355,0.015779044392250564
rigl_seed0,0,rigl,2250,9,stage2.conv1,2,0.29999909577546297,38475,38475,442368,132710,0.03155808878450113
rigl_seed0,0,rigl,2250,9,stage3.conv0,3,0.30000022605613424,76951,76951,884736,265421,0.06311641536637085
rigl_seed0,0,rigl,2250,9,stage3.conv1,3,0.30000022605613424,153903,153903,1769472,530842,0.1262328307327417
rigl_seed0,0,rigl,2250,9,stage4.conv0,4,0.3,192379,192379,2211840,663552,0.1577909195172428
rigl_seed0,0,rigl,2250,9,stage4.conv1,4,0.3,240474,240474,2764800,829440,0.1972386493965535
rigl_seed0,0,rigl,2250,9,stage5.conv0,5,0.3,240474,240474,2764800,829440,0.1972386493965535
rigl_seed0,0,rigl,2250,9,stage5.conv1,5,0.3,240474,240474,2764800,829440,0.1972386493965535
rigl_seed0,0,rigl,2500,10,stage0.conv1,0,0.2999855324074074,2380,2380,27648,8294,0.0019722913750181022
rigl_seed0,0,rigl,2500,10,stage1.conv0,1,0.30000361689814814,4761,4761,55296,16589,0.003944820547404786
rigl_seed0,0,rigl,2500,10,stage1.conv1,1,0.30000361689814814,9523,9523,110592,33178,0.007889641094809573
rigl_seed0,0,rigl,2500,10,stage2.conv0,2,0.29999909577546297,19045,19045,221184,66355,0.015779044392250564
rigl_seed0,0,rigl,2500,10,stage2.conv1,2,0.29999909577546297,38091,38091,442368,132710,0.03155808878450113
rigl_seed0,0,rigl,2500,10,stage3.conv0,3,0.30000022605613424,76184,76184,884736,265421,0.06311641536637085
rigl_seed0,0,rigl,2500,10,stage3.conv1,3,0.30000022605613424,152368,152368,1769472,530842,0.1262328307327417
rigl_seed0,0,rigl,2500,10,stage4.conv0,4,0.3,190460,190460,2211840,663552,0.1577909195172428
rigl_seed0,0,rigl,2500,10,stage4.conv1,4,0.3,238075,238075,2764800,829440,0.1972386493965535
rigl_seed0,0,rigl,2500,10,stage5.conv0,5,0.3,238075,238075,2764800,829440,0.1972386493965535
rigl_seed0,0,rigl,2500,10,stage5.conv1,5,0.3,238075,238075,2764800,829440,0.1972386493965535
rigl_seed0,0,rigl,2750,11,stage0.conv1,0,0.2999855324074074,2363,2363,27648,8294,0.0019722913750181022
rigl_seed0,0,rigl,2750,11,stage1.conv0,1,0.30000361689814814,4726,4726,55296,16589,0.003944820547404786
rigl_seed0,0,rigl,2750,11,stage1.conv1,1,0.30000361689814814,9452,9452,110592,33178,0.007889641094809573
rigl_seed0,0,rigl,2750,11,stage2.conv0,2,0.29999909577546297,18905,18905,221184,66355,0.015779044392250564
rigl_seed0,0,rigl,2750,11,stage2.conv1,2,0.29999909577546297,37810,37810,442368,132710,0.03155808878450113
rigl_seed0,0,rigl,2750,11,stage3.conv0,3,0.30000022605613424,75621,75621,884736,265421,0.06311641536637085
rigl_seed0,0,rigl,2750,11,stage3.conv1,3,0.30000022605613424,151242,151242,1769472,530842,0.1262328307327417
rigl_seed0,0,rigl,2750,11,stage4.conv0,4,0.3,189053,189053,2211840,663552,0.1577909195172428
rigl_seed0,0,rigl,2750,11,stage4.conv1,4,0.3,236316,236316,2764800,829440,0.1972386493965535
rigl_seed0,0,rigl,2750,11,stage5.conv0,5,0.3,236316,236316,2764800,829440,0.1972386493965535
rigl_seed0,0,rigl,2750,11,stage5.conv1,5,0.3,236316,236316,2764800,829440,0.1972386493965535
rigl_seed0,0,rigl,3000,12,stage0.conv1,0,0.2999855324074074,2334,2334,27648,8294,0.0019722913750181022
rigl_seed0,0,rigl,3000,12,stage1.conv0,1,0.30000361689814814,4668,4668,55296,16589,0.003944820547404786
rigl_seed0,0,rigl,3000,12,stage1.conv1,1,0.30000361689814814,9337,9337,110592,33178,0.007889641094809573
rigl_seed0,0,rigl,3000,12,stage2.conv0,2,0.29999909577546297,18675,18675,221184,66355,0.015779044392250564
rigl_seed0,0,rigl,3000,12,stage2.conv1,2,0.29999909577546297,37350,37350,442368,132710,0.03155808878450113
rigl_seed0,0,rigl,3000,12,stage3.conv0,3,0.30000022605613424,74701,74701,884736,265421,0.06311641536637085
rigl_seed0,0,rigl,3000,12,stage3.conv1,3,0.30000022605613424,149403,149403,1769472,530842,0.1262328307327417
rigl_seed0,0,rigl,3000,12,stage4.conv0,4,0.3,186754,186754,2211840,663552,0.1577909195172428
rigl_seed0,0,rigl,3000,12,stage4.conv1,4,0.3,233442,233442,2764800,829440,0.1972386493965535
rigl_seed0,0,rigl,3000,12,stage5.conv0,5,0.3,233442,233442,2764800,829440,0.1972386493965535
rigl_seed0,0,rigl,3000,12,stage5.conv1,5,0.3,233442,233442,2764800,829440,0.1972386493965535
rigl_seed0,0,rigl,3250,13,stage0.conv1,0,0.2999855324074074,2313,2313,27648,8294,0.0019722913750181022
rigl_seed0,0,rigl,3250,13,stage1.conv0,1,0.30000361689814814,4627,4627,55296,16589,0.003944820547404786
rigl_seed0,0,rigl,3250,13,stage1.conv1,1,0.30000361689814814,9255,9255,110592,33178,0.007889641094809573
rigl_seed0,0,rigl,3250,13,stage2.conv0,2,0.29999909577546297,18509,18509,221184,66355,0.015779044392250564
rigl_seed0,0,rigl,3250,13,stage2.conv1,2,0.29999909577546297,37019,37019,442368,132710,0.03155808878450113
rigl_seed0,0,rigl,3250,13,stage3.conv0,3,0.30000022605613424,74039,74039,884736,265421,0.06311641536637085
rigl_seed0,0,rigl,3250,13,stage3.conv1,3,0.30000022605613424,148078,148078,1769472,530842,0.1262328307327417
rigl_seed0,0,rigl,3250,13,stage4.conv0,4,0.3,185098,185098,2211840,663552,0.1577909195172428
rigl_seed0,0,rigl,3250,13,stage4.conv1,4,0.3,231373,231373,2764800,829440,0.1972386493965535
rigl_seed0,0,rigl,3250,13,stage5.conv0,5,0.3,231373,231373,2764800,829440,0.1972386493965535
rigl_seed0,0,rigl,3250,13,stage5.conv1,5,0.3,231373,231373,2764800,829440,0.1972386493965535
rigl_seed0,0,rigl,3500,14,stage0.conv1,0,0.2999855324074074,2280,2280,27648,8294,0.0019722913750181022
rigl_seed0,0,rigl,3500,14,stage1.conv0,1,0.30000361689814814,4560,4560,55296,16589,0.003944820547404786
rigl_seed0,0,rigl,3500,14,stage1.conv1,1,0.30000361689814814,9121,9121,110592,33178,0.007889641094809573
rigl_seed0,0,rigl,3500,14,stage2.conv0,2,0.29999909577546297,18243,18243,221184,66355,0.015779044392250564
rigl_seed0,0,rigl,3500,14,stage2.conv1,2,0.29999909577546297,36487,36487,442368,132710,0.03155808878450113
rigl_seed0,0,rigl,3500,14,stage3.conv0,3,0.30000022605613424,72974,72974,884736,265421,0.06311641536637085
rigl_seed0,0,rigl,3500,14,stage3.conv1,3,0.30000022605613424,145948,145948,1769472,530842,0.1262328307327417
rigl_seed0,0,rigl,3500,14,stage4.conv0,4,0.3,182435,182435,2211840,663552,0.1577909195172428
rigl_seed0,0,rigl,3500,14,stage4.conv1,4,0.3,228044,228044,2764800,829440,0.1972386493965535
rigl_seed0,0,rigl,3500,14,stage5.conv0,5,0.3,228044,228044,2764800,829440,0.1972386493965535
rigl_seed0,0,rigl,3500,14,stage5.conv1,5,0.3,228044,228044,2764800,829440,0.1972386493965535
rigl_seed0,0,rigl,3750,15,stage0.conv1,0,0.2999855324074074,2256,2256,27648,8294,0.0019722913750181022
rigl_seed0,0,rigl,3750,15,stage1.conv0,1,0.30000361689814814,4513,4513,55296,16589,0.003944820547404786
rigl_seed0,0,rigl,3750,15,stage1.conv1,1,0.30000361689814814,9027,9027,110592,33178,0.007889641094809573
rigl_seed0,0,rigl,3750,15,stage2.conv0,2,0.29999909577546297,18054,18054,221184,66355,0.015779044392250564
rigl_seed0,0,rigl,3750,15,stage2.conv1,2,0.29999909577546297,36108,36108,442368,132710,0.03155808878450113
rigl_seed0,0,rigl,3750,15,stage3.conv0,3,0.30000022605613424,72217,72217,884736,265421,0.06311641536637085
rigl_seed0,0,rigl,3750,15,stage3.conv1,3,0.30000022605613424,144435,144435,1769472,530842,0.1262328307327417
rigl_seed0,0,rigl,3750,15,stage4.conv0,4,0.3,180543,180543,2211840,663552,0.1577909195172428
rigl_seed0,0,rigl,3750,15,stage4.conv1,4,0.3,225679,225679,2764800,829440,0.1972386493965535
rigl_seed0,0,rigl,3750,15,stage5.conv0,5,0.3,225679,225679,2764800,829440,0.1972386493965535
rigl_seed0,0,rigl,3750,15,stage5.conv1,5,0.3,225679,225679,2764800,829440,0.1972386493965535
rigl_seed0,0,rigl,4000,16,stage0.conv1,0,0.2999855324074074,2219,2219,27648,8294,0.0019722913750181022
rigl_seed0,0,rigl,4000,16,stage1.conv0,1,0.30000361689814814,4438,4438,55296,16589,0.003944820547404786
rigl_seed0,0,rigl,4000,16,stage1.conv1,1,0.30000361689814814,8876,8876,110592,33178,0.007889641094809573
rigl_seed0,0,rigl,4000,16,stage2.conv0,2,0.29999909577546297,17753,17753,221184,66355,0.015779044392250564
rigl_seed0,0,rigl,4000,16,stage2.conv1,2,0.29999909577546297,35507,35507,442368,132710,0.03155808878450113
rigl_seed0,0,rigl,4000,16,stage3.conv0,3,0.30000022605613424,71014,71014,884736,265421,0.06311641536637085
rigl_seed0,0,rigl,4000,16,stage3.conv1,3,0.30000022605613424,142028,142028,1769472,530842,0.1262328307327417
rigl_seed0,0,rigl,4000,16,stage4.conv0,4,0.3,177536,177536,2211840,663552,0.1577909195172428
rigl_seed0,0,rigl,4000,16,stage4.conv1,4,0.3,221920,221920,2764800,829440,0.1972386493965535
rigl_seed0,0,rigl,4000,16,stage5.conv0,5,0.3,221920,221920,2764800,829440,0.1972386493965535
rigl_seed0,0,rigl,4000,16,stage5.conv1,5,0.3,221920,221920,2764800,829440,0.1972386493965535
rigl_seed0,0,rigl,4250,17,stage0.conv1,0,0.2999855324074074,2192,2192,27648,8294,0.0019722913750181022
rigl_seed0,0,rigl,4250,17,stage1.conv0,1,0.30000361689814814,4385,4385,55296,16589,0.003944820547404786
rigl_seed0,0,rigl,4250,17,stage1.conv1,1,0.30000361689814814,8771,8771,110592,33178,0.007889641094809573
rigl_seed0,0,rigl,4250,17,stage2.conv0,2,0.29999909577546297,17542,17542,221184,66355,0.015779044392250564
rigl_seed0,0,rigl,4250,17,stage2.conv1,2,0.29999909577546297,35084,35084,442368,132710,0.03155808878450113
rigl_seed0,0,rigl,4250,17,stage3.conv0,3,0.30000022605613424,70168,70168,884736,265421,0.06311641536637085
rigl_seed0,0,rigl,4250,17,stage3.conv1,3,0.30000022605613424,140336,140336,1769472,530842,0.1262328307327417
rigl_seed0,0,rigl,4250,17,stage4.conv0,4,0.3,175420,175420,2211840,663552,0.1577909195172428
rigl_seed0,0,rigl,4250,17,stage4.conv1,4,0.3,219276,219276,2764800,829440,0.1972386493965535
rigl_seed0,0,rigl,4250,17,stage5.conv0,5,0.3,219276,219276,2764800,829440,0.1972386493965535
rigl_seed0,0,rigl,4250,17,stage5.conv1,5,0.3,219276,219276,2764800,829440,0.1972386493965535
rigl_seed0,0,rigl,4500,18,stage0.conv1,0,0.2999855324074074,2151,2151,27648,8294,0.0019722913750181022
rigl_seed0,0,rigl,4500,18,stage1.conv0,1,0.30000361689814814,4302,4302,55296,16589,0.003944820547404786
rigl_seed0,0,rigl,4500,18,stage1.conv1,1,0.30000361689814814,8604,8604,110592,33178,0.007889641094809573
rigl_seed0,0,rigl,4500,18,stage2.conv0,2,0.29999909577546297,17208,17208,221184,66355,0.015779044392250564
rigl_seed0,0,rigl,4500,18,stage2.conv1,2,0.29999909577546297,34417,34417,442368,132710,0.03155808878450113
rigl_seed0,0,rigl,4500,18,stage3.conv0,3,0.30000022605613424,68835,68835,884736,265421,0.06311641536637085
rigl_seed0,0,rigl,4500,18,stage3.conv1,3,0.30000022605613424,137671,137671,1769472,530842,0.1262328307327417
rigl_seed0,0,rigl,4500,18,stage4.conv0,4,0.3,172089,172089,2211840,663552,0.1577909195172428
rigl_seed0,0,rigl,4500,18,stage4.conv1,4,0.3,215111,215111,2764800,829440,0.1972386493965535
rigl_seed0,0,rigl,4500,18,stage5.conv0,5,0.3,215111,215111,2764800,829440,0.1972386493965535
rigl_seed0,0,rigl,4500,18,stage5.conv1,5,0.3,215111,215111,2764800,829440,0.1972386493965535
rigl_seed0,0,rigl,4750,19,stage0.conv1,0,0.2999855324074074,2121,2121,27648,8294,0.0019722913750181022
rigl_seed0,0,rigl,4750,19,stage1.conv0,1,0.30000361689814814,4244,4244,55296,16589,0.003944820547404786
rigl_seed0,0,rigl,4750,19,stage1.conv1,1,0.30000361689814814,8488,8488,110592,33178,0.007889641094809573
rigl_seed0,0,rigl,4750,19,stage2.conv0,2,0.29999909577546297,16976,16976,221184,66355,0.015779044392250564
rigl_seed0,0,rigl,4750,19,stage2.conv1,2,0.29999909577546297,33953,33953,442368,132710,0.03155808878450113
rigl_seed0,0,rigl,4750,19,stage3.conv0,3,0.30000022605613424,67906,67906,884736,265421,0.06311641536637085
rigl_seed0,0,rigl,4750,19,stage3.conv1,3,0.30000022605613424,135812,135812,1769472,530842,0.1262328307327417
rigl_seed0,0,rigl,4750,19,stage4.conv0,4,0.3,169765,169765,2211840,663552,0.1577909195172428
rigl_seed0,0,rigl,4750,19,stage4.conv1,4,0.3,212206,212206,2764800,829440,0.1972386493965535
rigl_seed0,0,rigl,4750,19,stage5.conv0,5,0.3,212206,212206,2764800,829440,0.1972386493965535
rigl_seed0,0,rigl,4750,19,stage5.conv1,5,0.3,212206,212206,2764800,829440,0.1972386493965535
rigl_seed0,0,rigl,5000,20,stage0.conv1,0,0.2999855324074074,2076,2076,27648,8294,0.0019722913750181022
rigl_seed0,0,rigl,5000,20,stage1.conv0,1,0.30000361689814814,4153,4153,55296,16589,0.003944820547404786
rigl_seed0,0,rigl,5000,20,stage1.conv1,1,0.30000361689814814,8306,8306,110592,33178,0.007889641094809573
rigl_seed0,0,rigl,5000,20,stage2.conv0,2,0.29999909577546297,16613,16613,221184,66355,0.015779044392250564
rigl_seed0,0,rigl,5000,20,stage2.conv1,2,0.29999909577546297,33226,33226,442368,132710,0.03155808878450113
rigl_seed0,0,rigl,5000,20,stage3.conv0,3,0.30000022605613424,66453,66453,884736,265421,0.06311641536637085
rigl_seed0,0,rigl,5000,20,stage3.conv1,3,0.30000022605613424,132906,132906,1769472,530842,0.1262328307327417
rigl_seed0,0,rigl,5000,20,stage4.conv0,4,0.3,166133,166133,2211840,663552,0.1577909195172428
rigl_seed0,0,rigl,5000,20,stage4.conv1,4,0.3,207666,207666,2764800,829440,0.1972386493965535
rigl_seed0,0,rigl,5000,20,stage5.conv0,5,0.3,207666,207666,2764800,829440,0.1972386493965535
rigl_seed0,0,rigl,5000,20,stage5.conv1,5,0.3,207666,207666,2764800,829440,0.1972386493965535
rigl_seed0,0,rigl,5250,21,stage0.conv1,0,0.2999855324074074,2045,2045,27648,8294,0.0019722913750181022
rigl_seed0,0,rigl,5250,21,stage1.conv0,1,0.30000361689814814,4090,4090,55296,16589,0.003944820547404786
rigl_seed0,0,rigl,5250,21,stage1.conv1,1,0.30000361689814814,8180,8180,110592,33178,0.007889641094809573
rigl_seed0,0,rigl,5250,21,stage2.conv0,2,0.29999909577546297,16361,16361,221184,66355,0.015779044392250564
rigl_seed0,0,rigl,5250,21,stage2.conv1,2,0.29999909577546297,32723,32723,442368,132710,0.03155808878450113
rigl_seed0,0,rigl,5250,21,stage3.conv0,3,0.30000022605613424,65447,65447,884736,265421,0.06311641536637085
rigl_seed0,0,rigl,5250,21,stage3.conv1,3,0.30000022605613424,130894,130894,1769472,530842,0.1262328307327417
rigl_seed0,0,rigl,5250,21,stage4.conv0,4,0.3,163617,163617,2211840,663552,0.1577909195172428
rigl_seed0,0,rigl,5250,21,stage4.conv1,4,0.3,204522,204522,2764800,829440,0.1972386493965535
rigl_seed0,0,rigl,5250,21,stage5.conv0,5,0.3,204522,204522,2764800,829440,0.1972386493965535
rigl_seed0,0,rigl,5250,21,stage5.conv1,5,0.3,204522,204522,2764800,829440,0.1972386493965535
rigl_seed0,0,rigl,5500,22,stage0.conv1,0,0.2999855324074074,1996,1996,27648,8294,0.0019722913750181022
rigl_seed0,0,rigl,5500,22,stage1.conv0,1,0.30000361689814814,3992,3992,55296,16589,0.003944820547404786
rigl_seed0,0,rigl,5500,22,stage1.conv1,1,0.30000361689814814,7985,7985,110592,33178,0.007889641094809573
rigl_seed0,0,rigl,5500,22,stage2.conv0,2,0.29999909577546297,15970,15970,221184,66355,0.015779044392250564
rigl_seed0,0,rigl,5500,22,stage2.conv1,2,0.29999909577546297,31941,31941,442368,132710,0.03155808878450113
rigl_seed0,0,rigl,5500,22,stage3.conv0,3,0.30000022605613424,63884,63884,884736,265421,0.06311641536637085
rigl_seed0,0,rigl,5500,22,stage3.conv1,3,0.30000022605613424,127768,127768,1769472,530842,0.1262328307327417
rigl_seed0,0,rigl,5500,22,stage4.conv0,4,0.3,159710,159710,2211840,663552,0.1577909195172428
rigl_seed0,0,rigl,5500,22,stage4.conv1,4,0.3,199637,199637,2764800,829440,0.1972386493965535
rigl_seed0,0,rigl,5500,22,stage5.conv0,5,0.3,199637,199637,2764800,829440,0.1972386493965535
rigl_seed0,0,rigl,5500,22,stage5.conv1,5,0.3,199637,199637,2764800,829440,0.1972386493965535
rigl_seed0,0,rigl,5750,23,stage0.conv1,0,0.2999855324074074,1962,1962,27648,8294,0.0019722913750181022
rigl_seed0,0,rigl,5750,23,stage1.conv0,1,0.30000361689814814,3925,3925,55296,16589,0.003944820547404786
rigl_seed0,0,rigl,5750,23,stage1.conv1,1,0.30000361689814814,7851,7851,110592,33178,0.007889641094809573
rigl_seed0,0,rigl,5750,23,stage2.conv0,2,0.29999909577546297,15701,15701,221184,66355,0.015779044392250564
rigl_seed0,0,rigl,5750,23,stage2.conv1,2,0.29999909577546297,31403,31403,442368,132710,0.03155808878450113
rigl_seed0,0,rigl,5750,23,stage3.conv0,3,0.30000022605613424,62808,62808,884736,265421,0.06311641536637085
rigl_seed0,0,rigl,5750,23,stage3.conv1,3,0.30000022605613424,125616,125616,1769472,530842,0.1262328307327417
rigl_seed0,0,rigl,5750,23,stage4.conv0,4,0.3,157020,157020,2211840,663552,0.1577909195172428
rigl_seed0,0,rigl,5750,23,stage4.conv1,4,0.3,196275,196275,2764800,829440,0.1972386493965535
rigl_seed0,0,rigl,5750,23,stage5.conv0,5,0.3,196275,196275,2764800,829440,0.1972386493965535
rigl_seed0,0,rigl,5750,23,stage5.conv1,5,0.3,196275,196275,2764800,829440,0.1972386493965535
rigl_seed0,0,rigl,6000,24,stage0.conv1,0,0.2999855324074074,1910,1910,27648,8294,0.0019722913750181022
rigl_seed0,0,rigl,6000,24,stage1.conv0,1,0.30000361689814814,3821,3821,55296,16589,0.003944820547404786
rigl_seed0,0,rigl,6000,24,stage1.conv1,1,0.30000361689814814,7643,7643,110592,33178,0.007889641094809573
rigl_seed0,0,rigl,6000,24,stage2.conv0,2,0.29999909577546297,15286,15286,221184,66355,0.015779044392250564
rigl_seed0,0,rigl,6000,24,stage2.conv1,2,0.29999909577546297,30572,30572,442368,132710,0.03155808878450113
rigl_seed0,0,rigl,6000,24,stage3.conv0,3,0.30000022605613424,61146,61146,884736,265421,0.06311641536637085
rigl_seed0,0,rigl,6000,24,stage3.conv1,3,0.30000022605613424,122292,122292,1769472,530842,0.1262328307327417
rigl_seed0,0,rigl,6000,24,stage4.conv0,4,0.3,152865,152865,2211840,663552,0.1577909195172428
rigl_seed0,0,rigl,6000,24,stage4.conv1,4,0.3,191081,191081,2764800,829440,0.1972386493965535
rigl_seed0,0,rigl,6000,24,stage5.conv0,5,0.3,191081,191081,2764800,829440,0.1972386493965535
rigl_seed0,0,rigl,6000,24,stage5.conv1,5,0.3,191081,191081,2764800,829440,0.1972386493965535
rigl_seed0,0,rigl,6250,25,stage0.conv1,0,0.2999855324074074,1875,1875,27648,8294,0.0019722913750181022
rigl_seed0,0,rigl,6250,25,stage1.conv0,1,0.30000361689814814,3750,3750,55296,16589,0.003944820547404786
rigl_seed0,0,rigl,6250,25,stage1.conv1,1,0.30000361689814814,7501,7501,110592,33178,0.007889641094809573
rigl_seed0,0,rigl,6250,25,stage2.conv0,2,0.29999909577546297,15001,15001,221184,66355,0.015779044392250564
rigl_seed0,0,rigl,6250,25,stage2.conv1,2,0.29999909577546297,30003,30003,442368,132710,0.03155808878450113
rigl_seed0,0,rigl,6250,25,stage3.conv0,3,0.30000022605613424,60007,60007,884736,265421,0.06311641536637085
rigl_seed0,0,rigl,6250,25,stage3.conv1,3,0.30000022605613424,120015,120015,1769472,530842,0.1262328307327417
rigl_seed0,0,rigl,6250,25,stage4.conv0,4,0.3,150019,150019,2211840,663552,0.1577909195172428
rigl_seed0,0,rigl,6250,25,stage4.conv1,4,0.3,187524,187524,2764800,829440,0.1972386493965535
rigl_seed0,0,rigl,6250,25,stage5.conv0,5,0.3,187524,187524,2764800,829440,0.1972386493965535
rigl_seed0,0,rigl,6250,25,stage5.conv1,5,0.3,187524,187524,2764800,829440,0.1972386493965535
rigl_seed0,0,rigl,6500,26,stage0.conv1,0,0.2999855324074074,1820,1820,27648,8294,0.0019722913750181022
rigl_seed0,0,rigl,6500,26,stage1.conv0,1,0.30000361689814814,3641,3641,55296,16589,0.003944820547404786
rigl_seed0,0,rigl,6500,26,stage1.conv1,1,0.30000361689814814,7282,7282,110592,33178,0.007889641094809573
rigl_seed0,0,rigl,6500,26,stage2.conv0,2,0.29999909577546297,14564,14564,221184,66355,0.015779044392250564
rigl_seed0,0,rigl,6500,26,stage2.conv1,2,0.29999909577546297,29129,29129,442368,132710,0.03155808878450113
rigl_seed0,0,rigl,6500,26,stage3.conv0,3,0.30000022605613424,58258,58258,884736,265421,0.06311641536637085
rigl_seed0,0,rigl,6500,26,stage3.conv1,3,0.30000022605613424,116516,116516,1769472,530842,0.1262328307327417
rigl_seed0,0,rigl,6500,26,stage4.conv0,4,0.3,145645,145645,2211840,663552,0.1577909195172428
rigl_seed0,0,rigl,6500,26,stage4.conv1,4,0.3,182057,182057,2764800,829440,0.1972386493965535
rigl_seed0,0,rigl,6500,26,stage5.conv0,5,0.3,182057,182057,2764800,829440,0.1972386493965535
rigl_seed0,0,rigl,6500,26,stage5.conv1,5,0.3,182057,182057,2764800,829440,0.1972386493965535
rigl_seed0,0,rigl,6750,27,stage0.conv1,0,0.2999855324074074,1783,1783,27648,8294,0.0019722913750181022
rigl_seed0,0,rigl,6750,27,stage1.conv0,1,0.30000361689814814,3566,3566,55296,16589,0.003944820547404786
rigl_seed0,0,rigl,6750,27,stage1.conv1,1,0.30000361689814814,7133,7133,110592,33178,0.007889641094809573
rigl_seed0,0,rigl,6750,27,stage2.conv0,2,0.29999909577546297,14266,14266,221184,66355,0.015779044392250564
rigl_seed0,0,rigl,6750,27,stage2.conv1,2,0.29999909577546297,28532,28532,442368,132710,0.03155808878450113
rigl_seed0,0,rigl,6750,27,stage3.conv0,3,0.30000022605613424,57065,57065,884736,265421,0.06311641536637085
rigl_seed0,0,rigl,6750,27,stage3.conv1,3,0.30000022605613424,114131,114131,1769472,530842,0.1262328307327417
rigl_seed0,0,rigl,6750,27,stage4.conv0,4,0.3,142664,142664,2211840,663552,0.1577909195172428
rigl_seed0,0,rigl,6750,27,stage4.conv1,4,0.3,178330,178330,2764800,829440,0.1972386493965535
rigl_seed0,0,rigl,6750,27,stage5.conv0,5,0.3,178330,178330,2764800,829440,0.1972386493965535
rigl_seed0,0,rigl,6750,27,stage5.conv1,5,0.3,178330,178330,2764800,829440,0.1972386493965535
rigl_seed0,0,rigl,7000,28,stage0.conv1,0,0.2999855324074074,1726,1726,27648,8294,0.0019722913750181022
rigl_seed0,0,rigl,7000,28,stage1.conv0,1,0.30000361689814814,3452,3452,55296,16589,0.003944820547404786
rigl_seed0,0,rigl,7000,28,stage1.conv1,1,0.30000361689814814,6905,6905,110592,33178,0.007889641094809573
rigl_seed0,0,rigl,7000,28,stage2.conv0,2,0.29999909577546297,13810,13810,221184,66355,0.015779044392250564
rigl_seed0,0,rigl,7000,28,stage2.conv1,2,0.29999909577546297,27620,27620,442368,132710,0.03155808878450113
rigl_seed0,0,rigl,7000,28,stage3.conv0,3,0.30000022605613424,55241,55241,884736,265421,0.06311641536637085
rigl_seed0,0,rigl,7000,28,stage3.conv1,3,0.30000022605613424,110482,110482,1769472,530842,0.1262328307327417
rigl_seed0,0,rigl,7000,28,stage4.conv0,4,0.3,138103,138103,2211840,663552,0.1577909195172428
rigl_seed0,0,rigl,7000,28,stage4.conv1,4,0.3,172629,172629,2764800,829440,0.1972386493965535
rigl_seed0,0,rigl,7000,28,stage5.conv0,5,0.3,172629,172629,2764800,829440,0.1972386493965535
rigl_seed0,0,rigl,7000,28,stage5.conv1,5,0.3,172629,172629,2764800,829440,0.1972386493965535
rigl_seed0,0,rigl,7250,29,stage0.conv1,0,0.2999855324074074,1687,1687,27648,8294,0.0019722913750181022
rigl_seed0,0,rigl,7250,29,stage1.conv0,1,0.30000361689814814,3375,3375,55296,16589,0.003944820547404786
rigl_seed0,0,rigl,7250,29,stage1.conv1,1,0.30000361689814814,6750,6750,110592,33178,0.007889641094809573
rigl_seed0,0,rigl,7250,29,stage2.conv0,2,0.29999909577546297,13500,13500,221184,66355,0.015779044392250564
rigl_seed0,0,rigl,7250,29,stage2.conv1,2,0.29999909577546297,27001,27001,442368,132710,0.03155808878450113
rigl_seed0,0,rigl,7250,29,stage3.conv0,3,0.30000022605613424,54003,54003,884736,265421,0.06311641536637085
rigl_seed0,0,rigl,7250,29,stage3.conv1,3,0.30000022605613424,108006,108006,1769472,530842,0.1262328307327417
rigl_seed0,0,rigl,7250,29,stage4.conv0,4,0.3,135007,135007,2211840,663552,0.1577909195172428
rigl_seed0,0,rigl,7250,29,stage4.conv1,4,0.3,168759,168759,2764800,829440,0.1972386493965535
rigl_seed0,0,rigl,7250,29,stage5.conv0,5,0.3,168759,168759,2764800,829440,0.1972386493965535
rigl_seed0,0,rigl,7250,29,stage5.conv1,5,0.3,168759,168759,2764800,829440,0.1972386493965535
rigl_seed0,0,rigl,7500,30,stage0.conv1,0,0.2999855324074074,1628,1628,27648,8294,0.0019722913750181022
rigl_seed0,0,rigl,7500,30,stage1.conv0,1,0.30000361689814814,3257,3257,55296,16589,0.003944820547404786
rigl_seed0,0,rigl,7500,30,stage1.conv1,1,0.30000361689814814,6514,6514,110592,33178,0.007889641094809573
rigl_seed0,0,rigl,7500,30,stage2.conv0,2,0.29999909577546297,13028,13028,221184,66355,0.015779044392250564
rigl_seed0,0,rigl,7500,30,stage2.conv1,2,0.29999909577546297,26057,26057,442368,132710,0.03155808878450113
rigl_seed0,0,rigl,7500,30,stage3.conv0,3,0.30000022605613424,52116,52116,884736,265421,0.06311641536637085
rigl_seed0,0,rigl,7500,30,stage3.conv1,3,0.30000022605613424,104232,104232,1769472,530842,0.1262328307327417
rigl_seed0,0,rigl,7500,30,stage4.conv0,4,0.3,130290,130290,2211840,663552,0.1577909195172428
rigl_seed0,0,rigl,7500,30,stage4.conv1,4,0.3,162862,162862,2764800,829440,0.1972386493965535
rigl_seed0,0,rigl,7500,30,stage5.conv0,5,0.3,162862,162862,2764800,829440,0.1972386493965535
rigl_seed0,0,rigl,7500,30,stage5.conv1,5,0.3,162862,162862,2764800,829440,0.1972386493965535
rigl_seed0,0,rigl,7750,31,stage0.conv1,0,0.2999855324074074,1588,1588,27648,8294,0.0019722913750181022
rigl_seed0,0,rigl,7750,31,stage1.conv0,1,0.30000361689814814,3177,3177,55296,16589,0.003944820547404786
rigl_seed0,0,rigl,7750,31,stage1.conv1,1,0.30000361689814814,6355,6355,110592,33178,0.007889641094809573
rigl_seed0,0,rigl,7750,31,stage2.conv0,2,0.29999909577546297,12710,12710,221184,66355,0.015779044392250564
rigl_seed0,0,rigl,7750,31,stage2.conv1,2,0.29999909577546297,25420,25420,442368,132710,0.03155808878450113
rigl_seed0,0,rigl,7750,31,stage3.conv0,3,0.30000022605613424,50840,50840,884736,265421,0.06311641536637085
rigl_seed0,0,rigl,7750,31,stage3.conv1,3,0.30000022605613424,101681,101681,1769472,530842,0.1262328307327417
rigl_seed0,0,rigl,7750,31,stage4.conv0,4,0.3,127101,127101,2211840,663552,0.1577909195172428
rigl_seed0,0,rigl,7750,31,stage4.conv1,4,0.3,158876,158876,2764800,829440,0.1972386493965535
rigl_seed0,0,rigl,7750,31,stage5.conv0,5,0.3,158876,158876,2764800,829440,0.1972386493965535
rigl_seed0,0,rigl,7750,31,stage5.conv1,5,0.3,158876,158876,2764800,829440,0.1972386493965535
rigl_seed0,0,rigl,8000,32,stage0.conv1,0,0.2999855324074074,1528,1528,27648,8294,0.0019722913750181022
rigl_seed0,0,rigl,8000,32,stage1.conv0,1,0.30000361689814814,3056,3056,55296,16589,0.003944820547404786
rigl_seed0,0,rigl,8000,32,stage1.conv1,1,0.30000361689814814,6113,6113,110592,33178,0.007889641094809573
rigl_seed0,0,rigl,8000,32,stage2.conv0,2,0.29999909577546297,12226,12226,221184,66355,0.015779044392250564
rigl_seed0,0,rigl,8000,32,stage2.conv1,2,0.29999909577546297,24452,24452,442368,132710,0.03155808878450113
rigl_seed0,0,rigl,8000,32,stage3.conv0,3,0.30000022605613424,48904,48904,884736,265421,0.06311641536637085
rigl_seed0,0,rigl,8000,32,stage3.conv1,3,0.30000022605613424,97809,97809,1769472,530842,0.1262328307327417
rigl_seed0,0,rigl,8000,32,stage4.conv0,4,0.3,122261,122261,2211840,663552,0.1577909195172428
rigl_seed0,0,rigl,8000,32,stage4.conv1,4,0.3,152826,152826,2764800,829440,0.1972386493965535
rigl_seed0,0,rigl,8000,32,stage5.conv0,5,0.3,152826,152826,2764800,829440,0.1972386493965535
rigl_seed0,0,rigl,8000,32,stage5.conv1,5,0.3,152826,152826,2764800,829440,0.1972386493965535
rigl_seed0,0,rigl,8250,33,stage0.conv1,0,0.2999855324074074,1487,1487,27648,8294,0.0019722913750181022
rigl_seed0,0,rigl,8250,33,stage1.conv0,1,0.30000361689814814,2975,2975,55296,16589,0.003944820547404786
rigl_seed0,0,rigl,8250,33,stage1.conv1,1,0.30000361689814814,5950,5950,110592,33178,0.007889641094809573
rigl_seed0,0,rigl,8250,33,stage2.conv0,2,0.29999909577546297,11900,11900,221184,66355,0.015779044392250564
rigl_seed0,0,rigl,8250,33,stage2.conv1,2,0.29999909577546297,23800,23800,442368,132710,0.03155808878450113
rigl_seed0,0,rigl,8250,33,stage3.conv0,3,0.30000022605613424,47600,47600,884736,265421,0.06311641536637085
rigl_seed0,0,rigl,8250,33,stage3.conv1,3,0.30000022605613424,95201,95201,1769472,530842,0.1262328307327417
rigl_seed0,0,rigl,8250,33,stage4.conv0,4,0.3,119001,119001,2211840,663552,0.1577909195172428
rigl_seed0,0,rigl,8250,33,stage4.conv1,4,0.3,148752,148752,2764800,829440,0.1972386493965535
rigl_seed0,0,rigl,8250,33,stage5.conv0,5,0.3,148752,148752,2764800,829440,0.1972386493965535
rigl_seed0,0,rigl,8250,33,stage5.conv1,5,0.3,148752,148752,2764800,829440,0.1972386493965535
rigl_seed0,0,rigl,8500,34,stage0.conv1,0,0.2999855324074074,1425,1425,27648,8294,0.0019722913750181022
rigl_seed0,0,rigl,8500,34,stage1.conv0,1,0.30000361689814814,2851,2851,55296,16589,0.003944820547404786
rigl_seed0,0,rigl,8500,34,stage1.conv1,1,0.30000361689814814,5703,5703,110592,33178,0.007889641094809573
rigl_seed0,0,rigl,8500,34,stage2.conv0,2,0.29999909577546297,11407,11407,221184,66355,0.015779044392250564
rigl_seed0,0,rigl,8500,34,stage2.conv1,2,0.29999909577546297,22814,22814,442368,132710,0.03155808878450113
rigl_seed0,0,rigl,8500,34,stage3.conv0,3,0.30000022605613424,45629,45629,884736,265421,0.06311641536637085
rigl_seed0,0,rigl,8500,34,stage3.conv1,3,0.30000022605613424,91258,91258,1769472,530842,0.1262328307327417
rigl_seed0,0,rigl,8500,34,stage4.conv0,4,0.3,114072,114072,2211840,663552,0.1577909195172428
rigl_seed0,0,rigl,8500,34,stage4.conv1,4,0.3,142591,142591,2764800,829440,0.1972386493965535
rigl_seed0,0,rigl,8500,34,stage5.conv0,5,0.3,142591,142591,2764800,829440,0.1972386493965535
rigl_seed0,0,rigl,8500,34,stage5.conv1,5,0.3,142591,142591,2764800,829440,0.1972386493965535
rigl_seed0,0,rigl,8750,35,stage0.conv1,0,0.2999855324074074,1384,1384,27648,8294,0.0019722913750181022
rigl_seed0,0,rigl,8750,35,stage1.conv0,1,0.30000361689814814,2769,2769,55296,16589,0.003944820547404786
rigl_seed0,0,rigl,8750,35,stage1.conv1,1,0.30000361689814814,5538,5538,110592,33178,0.007889641094809573
rigl_seed0,0,rigl,8750,35,stage2.conv0,2,0.29999909577546297,11076,11076,221184,66355,0.015779044392250564
rigl_seed0,0,rigl,8750,35,stage2.conv1,2,0.29999909577546297,22153,22153,442368,132710,0.03155808878450113
rigl_seed0,0,rigl,8750,35,stage3.conv0,3,0.30000022605613424,44306,44306,884736,265421,0.06311641536637085
rigl_seed0,0,rigl,8750,35,stage3.conv1,3,0.30000022605613424,88612,88612,1769472,530842,0.1262328307327417
rigl_seed0,0,rigl,8750,35,stage4.conv0,4,0.3,110765,110765,2211840,663552,0.1577909195172428
rigl_seed0,0,rigl,8750,35,stage4.conv1,4,0.3,138457,138457,2764800,829440,0.1972386493965535
rigl_seed0,0,rigl,8750,35,stage5.conv0,5,0.3,138457,138457,2764800,829440,0.1972386493965535
rigl_seed0,0,rigl,8750,35,stage5.conv1,5,0.3,138457,138457,2764800,829440,0.1972386493965535
rigl_seed0,0,rigl,9000,36,stage0.conv1,0,0.2999855324074074,1322,1322,27648,8294,0.0019722913750181022
rigl_seed0,0,rigl,9000,36,stage1.conv0,1,0.30000361689814814,2644,2644,55296,16589,0.003944820547404786
rigl_seed0,0,rigl,9000,36,stage1.conv1,1,0.30000361689814814,5289,5289,110592,33178,0.007889641094809573
rigl_seed0,0,rigl,9000,36,stage2.conv0,2,0.29999909577546297,10578,10578,221184,66355,0.015779044392250564
rigl_seed0,0,rigl,9000,36,stage2.conv1,2,0.29999909577546297,21156,21156,442368,132710,0.03155808878450113
rigl_seed0,0,rigl,9000,36,stage3.conv0,3,0.30000022605613424,42313,42313,884736,265421,0.06311641536637085
rigl_seed0,0,rigl,9000,36,stage3.conv1,3,0.30000022605613424,84626,84626,1769472,530842,0.1262328307327417
rigl_seed0,0,rigl,9000,36,stage4.conv0,4,0.3,105782,105782,2211840,663552,0.1577909195172428
rigl_seed0,0,rigl,9000,36,stage4.conv1,4,0.3,132228,132228,2764800,829440,0.1972386493965535
rigl_seed0,0,rigl,9000,36,stage5.conv0,5,0.3,132228,132228,2764800,829440,0.1972386493965535
rigl_seed0,0,rigl,9000,36,stage5.conv1,5,0.3,132228,132228,2764800,829440,0.1972386493965535
rigl_seed0,0,rigl,9250,37,stage0.conv1,0,0.2999855324074074,1280,1280,27648,8294,0.0019722913750181022
rigl_seed0,0,rigl,9250,37,stage1.conv0,1,0.30000361689814814,2561,2561,55296,16589,0.003944820547404786
rigl_seed0,0,rigl,9250,37,stage1.conv1,1,0.30000361689814814,5122,5122,110592,33178,0.007889641094809573
rigl_seed0,0,rigl,9250,37,stage2.conv0,2,0.29999909577546297,10245,10245,221184,66355,0.015779044392250564
rigl_seed0,0,rigl,9250,37,stage2.conv1,2,0.29999909577546297,20490,20490,442368,132710,0.03155808878450113
rigl_seed0,0,rigl,9250,37,stage3.conv0,3,0.30000022605613424,40980,40980,884736,265421,0.06311641536637085
rigl_seed0,0,rigl,9250,37,stage3.conv1,3,0.30000022605613424,81960,81960,1769472,530842,0.1262328307327417
rigl_seed0,0,rigl,9250,37,stage4.conv0,4,0.3,102450,102450,2211840,663552,0.1577909195172428
rigl_seed0,0,rigl,9250,37,stage4.conv1,4,0.3,128063,128063,2764800,829440,0.1972386493965535
rigl_seed0,0,rigl,9250,37,stage5.conv0,5,0.3,128063,128063,2764800,829440,0.1972386493965535
rigl_seed0,0,rigl,9250,37,stage5.conv1,5,0.3,128063,128063,2764800,829440,0.1972386493965535
rigl_seed0,0,rigl,9500,38,stage0.conv1,0,0.2999855324074074,1218,1218,27648,8294,0.0019722913750181022
rigl_seed0,0,rigl,9500,38,stage1.conv0,1,0.30000361689814814,2436,2436,55296,16589,0.003944820547404786
rigl_seed0,0,rigl,9500,38,stage1.conv1,1,0.30000361689814814,4872,4872,110592,33178,0.007889641094809573
rigl_seed0,0,rigl,9500,38,stage2.conv0,2,0.29999909577546297,9744,9744,221184,66355,0.015779044392250564
rigl_seed0,0,rigl,9500,38,stage2.conv1,2,0.29999909577546297,19489,19489,442368,132710,0.03155808878450113
rigl_seed0,0,rigl,9500,38,stage3.conv0,3,0.30000022605613424,38979,38979,884736,265421,0.06311641536637085
rigl_seed0,0,rigl,9500,38,stage3.conv1,3,0.30000022605613424,77958,77958,1769472,530842,0.1262328307327417
rigl_seed0,0,rigl,9500,38,stage4.conv0,4,0.3,97448,97448,2211840,663552,0.1577909195172428
rigl_seed0,0,rigl,9500,38,stage4.conv1,4,0.3,121810,121810,2764800,829440,0.1972386493965535
rigl_seed0,0,rigl,9500,38,stage5.conv0,5,0.3,121810,121810,2764800,829440,0.1972386493965535
rigl_seed0,0,rigl,9500,38,stage5.conv1,5,0.3,121810,121810,2764800,829440,0.1972386493965535
rigl_seed0,0,rigl,9750,39,stage0.conv1,0,0.2999855324074074,1176,1176,27648,8294,0.0019722913750181022
rigl_seed0,0,rigl,9750,39,stage1.conv0,1,0.30000361689814814,2352,2352,55296,16589,0.003944820547404786
rigl_seed0,0,rigl,9750,39,stage1.conv1,1,0.30000361689814814,4705,4705,110592,33178,0.007889641094809573
rigl_seed0,0,rigl,9750,39,stage2.conv0,2,0.29999909577546297,9411,9411,221184,66355,0.015779044392250564
rigl_seed0,0,rigl,9750,39,stage2.conv1,2,0.29999909577546297,18823,18823,442368,132710,0.03155808878450113
rigl_seed0,0,rigl,9750,39,stage3.conv0,3,0.30000022605613424,37646,37646,884736,265421,0.06311641536637085
rigl_seed0,0,rigl,9750,39,stage3.conv1,3,0.30000022605613424,75292,75292,1769472,530842,0.1262328307327417
rigl_seed0,0,rigl,9750,39,stage4.conv0,4,0.3,94115,94115,2211840,663552,0.1577909195172428
rigl_seed0,0,rigl,9750,39,stage4.conv1,4,0.3,117644,117644,2764800,829440,0.1972386493965535
rigl_seed0,0,rigl,9750,39,stage5.conv0,5,0.3,117644,117644,2764800,829440,0.1972386493965535
rigl_seed0,0,rigl,9750,39,stage5.conv1,5,0.3,117644,117644,2764800,829440,0.1972386493965535
rigl_seed0,0,rigl,10000,40,stage0.conv1,0,0.2999855324074074,1114,1114,27648,8294,0.0019722913750181022
rigl_seed0,0,rigl,10000,40,stage1.conv0,1,0.30000361689814814,2228,2228,55296,16589,0.003944820547404786
rigl_seed0,0,rigl,10000,40,stage1.conv1,1,0.30000361689814814,4456,4456,110592,33178,0.007889641094809573
rigl_seed0,0,rigl,10000,40,stage2.conv0,2,0.29999909577546297,8912,8912,221184,66355,0.015779044392250564
rigl_seed0,0,rigl,10000,40,stage2.conv1,2,0.29999909577546297,17825,17825,442368,132710,0.03155808878450113
rigl_seed0,0,rigl,10000,40,stage3.conv0,3,0.30000022605613424,35651,35651,884736,265421,0.06311641536637085
rigl_seed0,0,rigl,10000,40,stage3.conv1,3,0.30000022605613424,71303,71303,1769472,530842,0.1262328307327417
rigl_seed0,0,rigl,10000,40,stage4.conv0,4,0.3,89128,89128,2211840,663552,0.1577909195172428
rigl_seed0,0,rigl,10000,40,stage4.conv1,4,0.3,111410,111410,2764800,829440,0.1972386493965535
rigl_seed0,0,rigl,10000,40,stage5.conv0,5,0.3,111410,111410,2764800,829440,0.1972386493965535
rigl_seed0,0,rigl,10000,40,stage5.conv1,5,0.3,111410,111410,2764800,829440,0.1972386493965535
rigl_seed0,0,rigl,10250,41,stage0.conv1,0,0.2999855324074074,1072,1072,27648,8294,0.0019722913750181022
rigl_seed0,0,rigl,10250,41,stage1.conv0,1,0.30000361689814814,2145,2145,55296,16589,0.003944820547404786
rigl_seed0,0,rigl,10250,41,stage1.conv1,1,0.30000361689814814,4290,4290,110592,33178,0.007889641094809573
rigl_seed0,0,rigl,10250,41,stage2.conv0,2,0.29999909577546297,8581,8581,221184,66355,0.015779044392250564
rigl_seed0,0,rigl,10250,41,stage2.conv1,2,0.29999909577546297,17163,17163,442368,132710,0.03155808878450113
rigl_seed0,0,rigl,10250,41,stage3.conv0,3,0.30000022605613424,34327,34327,884736,265421,0.06311641536637085
rigl_seed0,0,rigl,10250,41,stage3.conv1,3,0.30000022605613424,68654,68654,1769472,530842,0.1262328307327417
rigl_seed0,0,rigl,10250,41,stage4.conv0,4,0.3,85818,85818,2211840,663552,0.1577909195172428
rigl_seed0,0,rigl,10250,41,stage4.conv1,4,0.3,107272,107272,2764800,829440,0.1972386493965535
rigl_seed0,0,rigl,10250,41,stage5.conv0,5,0.3,107272,107272,2764800,829440,0.1972386493965535
rigl_seed0,0,rigl,10250,41,stage5.conv1,5,0.3,107272,107272,2764800,829440,0.1972386493965535
rigl_seed0,0,rigl,10500,42,stage0.conv1,0,0.2999855324074074,1010,1010,27648,8294,0.0019722913750181022
rigl_seed0,0,rigl,10500,42,stage1.conv0,1,0.30000361689814814,2022,2022,55296,16589,0.003944820547404786
rigl_seed0,0,rigl,10500,42,stage1.conv1,1,0.30000361689814814,4044,4044,110592,33178,0.007889641094809573
rigl_seed0,0,rigl,10500,42,stage2.conv0,2,0.29999909577546297,8088,8088,221184,66355,0.015779044392250564
rigl_seed0,0,rigl,10500,42,stage2.conv1,2,0.29999909577546297,16176,16176,442368,132710,0.03155808878450113
rigl_seed0,0,rigl,10500,42,stage3.conv0,3,0.30000022605613424,32352,32352,884736,265421,0.06311641536637085
rigl_seed0,0,rigl,10500,42,stage3.conv1,3,0.30000022605613424,64705,64705,1769472,530842,0.1262328307327417
rigl_seed0,0,rigl,10500,42,stage4.conv0,4,0.3,80882,80882,2211840,663552,0.1577909195172428
rigl_seed0,0,rigl,10500,42,stage4.conv1,4,0.3,101102,101102,2764800,829440,0.1972386493965535
rigl_seed0,0,rigl,10500,42,stage5.conv0,5,0.3,101102,101102,2764800,829440,0.1972386493965535
rigl_seed0,0,rigl,10500,42,stage5.conv1,5,0.3,101102,101102,2764800,829440,0.1972386493965535
rigl_seed0,0,rigl,10750,43,stage0.conv1,0,0.2999855324074074,970,970,27648,8294,0.0019722913750181022
rigl_seed0,0,rigl,10750,43,stage1.conv0,1,0.30000361689814814,1940,1940,55296,16589,0.003944820547404786
rigl_seed0,0,rigl,10750,43,stage1.conv1,1,0.30000361689814814,3880,3880,110592,33178,0.007889641094809573
rigl_seed0,0,rigl,10750,43,stage2.conv0,2,0.29999909577546297,7761,7761,221184,66355,0.015779044392250564
rigl_seed0,0,rigl,10750,43,stage2.conv1,2,0.29999909577546297,15523,15523,442368,132710,0.03155808878450113
rigl_seed0,0,rigl,10750,43,stage3.conv0,3,0.30000022605613424,31046,31046,884736,265421,0.06311641536637085
rigl_seed0,0,rigl,10750,43,stage3.conv1,3,0.30000022605613424,62093,62093,1769472,530842,0.1262328307327417
rigl_seed0,0,rigl,10750,43,stage4.conv0,4,0.3,77616,77616,2211840,663552,0.1577909195172428
rigl_seed0,0,rigl,10750,43,stage4.conv1,4,0.3,97021,97021,2764800,829440,0.1972386493965535
rigl_seed0,0,rigl,10750,43,stage5.conv0,5,0.3,97021,97021,2764800,829440,0.1972386493965535
rigl_seed0,0,rigl,10750,43,stage5.conv1,5,0.3,97021,97021,2764800,829440,0.1972386493965535
rigl_seed0,0,rigl,11000,44,stage0.conv1,0,0.2999855324074074,909,909,27648,8294,0.0019722913750181022
rigl_seed0,0,rigl,11000,44,stage1.conv0,1,0.30000361689814814,1819,1819,55296,16589,0.003944820547404786
rigl_seed0,0,rigl,11000,44,stage1.conv1,1,0.30000361689814814,3638,3638,110592,33178,0.007889641094809573
rigl_seed0,0,rigl,11000,44,stage2.conv0,2,0.29999909577546297,7276,7276,221184,66355,0.015779044392250564
rigl_seed0,0,rigl,11000,44,stage2.conv1,2,0.29999909577546297,14553,14553,442368,132710,0.03155808878450113
rigl_seed0,0,rigl,11000,44,stage3.conv0,3,0.30000022605613424,29106,29106,884736,265421,0.06311641536637085
rigl_seed0,0,rigl,11000,44,stage3.conv1,3,0.30000022605613424,58213,58213,1769472,530842,0.1262328307327417
rigl_seed0,0,rigl,11000,44,stage4.conv0,4,0.3,72766,72766,2211840,663552,0.1577909195172428
rigl_seed0,0,rigl,11000,44,stage4.conv1,4,0.3,90958,90958,2764800,829440,0.1972386493965535
rigl_seed0,0,rigl,11000,44,stage5.conv0,5,0.3,90958,90958,2764800,829440,0.1972386493965535
rigl_seed0,0,rigl,11000,44,stage5.conv1,5,0.3,90958,90958,2764800,829440,0.1972386493965535
rigl_seed0,0,rigl,11250,45,stage0.conv1,0,0.2999855324074074,869,869,27648,8294,0.0019722913750181022
rigl_seed0,0,rigl,11250,45,stage1.conv0,1,0.30000361689814814,1739,1739,55296,16589,0.003944820547404786
rigl_seed0,0,rigl,11250,45,stage1.conv1,1,0.30000361689814814,3478,3478,110592,33178,0.007889641094809573
rigl_seed0,0,rigl,11250,45,stage2.conv0,2,0.29999909577546297,6956,6956,221184,66355,0.015779044392250564
rigl_seed0,0,rigl,11250,45,stage2.conv1,2,0.29999909577546297,13913,13913,442368,132710,0.03155808878450113
rigl_seed0,0,rigl,11250,45,stage3.conv0,3,0.30000022605613424,27827,27827,884736,265421,0.06311641536637085
rigl_seed0,0,rigl,11250,45,stage3.conv1,3,0.30000022605613424,55655,55655,1769472,530842,0.1262328307327417
rigl_seed0,0,rigl,11250,45,stage4.conv0,4,0.3,69569,69569,2211840,663552,0.1577909195172428
rigl_seed0,0,rigl,11250,45,stage4.conv1,4,0.3,86961,86961,2764800,829440,0.1972386493965535
rigl_seed0,0,rigl,11250,45,stage5.conv0,5,0.3,86961,86961,2764800,829440,0.1972386493965535
rigl_seed0,0,rigl,11250,45,stage5.conv1,5,0.3,86961,86961,2764800,829440,0.1972386493965535
rigl_seed0,0,rigl,11500,46,stage0.conv1,0,0.2999855324074074,810,810,27648,8294,0.0019722913750181022
rigl_seed0,0,rigl,11500,46,stage1.conv0,1,0.30000361689814814,1620,1620,55296,16589,0.003944820547404786
rigl_seed0,0,rigl,11500,46,stage1.conv1,1,0.30000361689814814,3241,3241,110592,33178,0.007889641094809573
rigl_seed0,0,rigl,11500,46,stage2.conv0,2,0.29999909577546297,6483,6483,221184,66355,0.015779044392250564
rigl_seed0,0,rigl,11500,46,stage2.conv1,2,0.29999909577546297,12967,12967,442368,132710,0.03155808878450113
rigl_seed0,0,rigl,11500,46,stage3.conv0,3,0.30000022605613424,25935,25935,884736,265421,0.06311641536637085
rigl_seed0,0,rigl,11500,46,stage3.conv1,3,0.30000022605613424,51870,51870,1769472,530842,0.1262328307327417
rigl_seed0,0,rigl,11500,46,stage4.conv0,4,0.3,64838,64838,2211840,663552,0.1577909195172428
rigl_seed0,0,rigl,11500,46,stage4.conv1,4,0.3,81048,81048,2764800,829440,0.1972386493965535
rigl_seed0,0,rigl,11500,46,stage5.conv0,5,0.3,81048,81048,2764800,829440,0.1972386493965535
rigl_seed0,0,rigl,11500,46,stage5.conv1,5,0.3,81048,81048,2764800,829440,0.1972386493965535
rigl_seed0,0,rigl,11750,47,stage0.conv1,0,0.2999855324074074,771,771,27648,8294,0.0019722913750181022
rigl_seed0,0,rigl,11750,47,stage1.conv0,1,0.30000361689814814,1543,1543,55296,16589,0.003944820547404786
rigl_seed0,0,rigl,11750,47,stage1.conv1,1,0.30000361689814814,3086,3086,110592,33178,0.007889641094809573
rigl_seed0,0,rigl,11750,47,stage2.conv0,2,0.29999909577546297,6173,6173,221184,66355,0.015779044392250564
rigl_seed0,0,rigl,11750,47,stage2.conv1,2,0.29999909577546297,12346,12346,442368,132710,0.03155808878450113
rigl_seed0,0,rigl,11750,47,stage3.conv0,3,0.30000022605613424,24692,24692,884736,265421,0.06311641536637085
rigl_seed0,0,rigl,11750,47,stage3.conv1,3,0.30000022605613424,49385,49385,1769472,530842,0.1262328307327417
rigl_seed0,0,rigl,11750,47,stage4.conv0,4,0.3,61732,61732,2211840,663552,0.1577909195172428
rigl_seed0,0,rigl,11750,47,stage4.conv1,4,0.3,77165,77165,2764800,829440,0.1972386493965535
rigl_seed0,0,rigl,11750,47,stage5.conv0,5,0.3,77165,77165,2764800,829440,0.1972386493965535
rigl_seed0,0,rigl,11750,47,stage5.conv1,5,0.3,77165,77165,2764800,829440,0.1972386493965535
rigl_seed0,0,rigl,12000,48,stage0.conv1,0,0.2999855324074074,714,714,27648,8294,0.0019722913750181022
rigl_seed0,0,rigl,12000,48,stage1.conv0,1,0.30000361689814814,1428,1428,55296,16589,0.003944820547404786
rigl_seed0,0,rigl,12000,48,stage1.conv1,1,0.30000361689814814,2857,2857,110592,33178,0.007889641094809573
rigl_seed0,0,rigl,12000,48,stage2.conv0,2,0.29999909577546297,5715,5715,221184,66355,0.015779044392250564
rigl_seed0,0,rigl,12000,48,stage2.conv1,2,0.29999909577546297,11430,11430,442368,132710,0.03155808878450113
rigl_seed0,0,rigl,12000,48,stage3.conv0,3,0.30000022605613424,22861,22861,884736,265421,0.06311641536637085
rigl_seed0,0,rigl,12000,48,stage3.conv1,3,0.30000022605613424,45723,45723,1769472,530842,0.1262328307327417
rigl_seed0,0,rigl,12000,48,stage4.conv0,4,0.3,57153,57153,2211840,663552,0.1577909195172428
rigl_seed0,0,rigl,12000,48,stage4.conv1,4,0.3,71442,71442,2764800,829440,0.1972386493965535
rigl_seed0,0,rigl,12000,48,stage5.conv0,5,0.3,71442,71442,2764800,829440,0.1972386493965535
rigl_seed0,0,rigl,12000,48,stage5.conv1,5,0.3,71442,71442,2764800,829440,0.1972386493965535
rigl_seed0,0,rigl,12250,49,stage0.conv1,0,0.2999855324074074,676,676,27648,8294,0.0019722913750181022
rigl_seed0,0,rigl,12250,49,stage1.conv0,1,0.30000361689814814,1354,1354,55296,16589,0.003944820547404786
rigl_seed0,0,rigl,12250,49,stage1.conv1,1,0.30000361689814814,2708,2708,110592,33178,0.007889641094809573
rigl_seed0,0,rigl,12250,49,stage2.conv0,2,0.29999909577546297,5416,5416,221184,66355,0.015779044392250564
rigl_seed0,0,rigl,12250,49,stage2.conv1,2,0.29999909577546297,10832,10832,442368,132710,0.03155808878450113
rigl_seed0,0,rigl,12250,49,stage3.conv0,3,0.30000022605613424,21664,21664,884736,265421,0.06311641536637085
rigl_seed0,0,rigl,12250,49,stage3.conv1,3,0.30000022605613424,43328,43328,1769472,530842,0.1262328307327417
rigl_seed0,0,rigl,12250,49,stage4.conv0,4,0.3,54160,54160,2211840,663552,0.1577909195172428
rigl_seed0,0,rigl,12250,49,stage4.conv1,4,0.3,67700,67700,2764800,829440,0.1972386493965535
rigl_seed0,0,rigl,12250,49,stage5.conv0,5,0.3,67700,67700,2764800,829440,0.1972386493965535
rigl_seed0,0,rigl,12250,49,stage5.conv1,5,0.3,67700,67700,2764800,829440,0.1972386493965535
rigl_seed0,0,rigl,12500,50,stage0.conv1,0,0.2999855324074074,622,622,27648,8294,0.0019722913750181022
rigl_seed0,0,rigl,12500,50,stage1.conv0,1,0.30000361689814814,1244,1244,55296,16589,0.003944820547404786
rigl_seed0,0,rigl,12500,50,stage1.conv1,1,0.30000361689814814,2488,2488,110592,33178,0.007889641094809573
rigl_seed0,0,rigl,12500,50,stage2.conv0,2,0.29999909577546297,4976,4976,221184,66355,0.015779044392250564
rigl_seed0,0,rigl,12500,50,stage2.conv1,2,0.29999909577546297,9953,9953,442368,132710,0.03155808878450113
rigl_seed0,0,rigl,12500,50,stage3.conv0,3,0.30000022605613424,19906,19906,884736,265421,0.06311641536637085
rigl_seed0,0,rigl,12500,50,stage3.conv1,3,0.30000022605613424,39813,39813,1769472,530842,0.1262328307327417
rigl_seed0,0,rigl,12500,50,stage4.conv0,4,0.3,49766,49766,2211840,663552,0.1577909195172428
rigl_seed0,0,rigl,12500,50,stage4.conv1,4,0.3,62208,62208,2764800,829440,0.1972386493965535
rigl_seed0,0,rigl,12500,50,stage5.conv0,5,0.3,62208,62208,2764800,829440,0.1972386493965535
rigl_seed0,0,rigl,12500,50,stage5.conv1,5,0.3,62208,62208,2764800,829440,0.1972386493965535
rigl_seed0,0,rigl,12750,51,stage0.conv1,0,0.2999855324074074,586,586,27648,8294,0.0019722913750181022
rigl_seed0,0,rigl,12750,51,stage1.conv0,1,0.30000361689814814,1172,1172,55296,16589,0.003944820547404786
rigl_seed0,0,rigl,12750,51,stage1.conv1,1,0.30000361689814814,2345,2345,110592,33178,0.007889641094809573
rigl_seed0,0,rigl,12750,51,stage2.conv0,2,0.29999909577546297,4690,4690,221184,66355,0.015779044392250564
rigl_seed0,0,rigl,12750,51,stage2.conv1,2,0.29999909577546297,9381,9381,442368,132710,0.03155808878450113
rigl_seed0,0,rigl,12750,51,stage3.conv0,3,0.30000022605613424,18762,18762,884736,265421,0.06311641536637085
rigl_seed0,0,rigl,12750,51,stage3.conv1,3,0.30000022605613424,37525,37525,1769472,530842,0.1262328307327417
rigl_seed0,0,rigl,12750,51,stage4.conv0,4,0.3,46906,46906,2211840,663552,0.1577909195172428
rigl_seed0,0,rigl,12750,51,stage4.conv1,4,0.3,58632,58632,2764800,829440,0.1972386493965535
rigl_seed0,0,rigl,12750,51,stage5.conv0,5,0.3,58632,58632,2764800,829440,0.1972386493965535
rigl_seed0,0,rigl,12750,51,stage5.conv1,5,0.3,58632,58632,2764800,829440,0.1972386493965535
rigl_seed0,0,rigl,13000,52,stage0.conv1,0,0.2999855324074074,534,534,27648,8294,0.0019722913750181022
rigl_seed0,0,rigl,13000,52,stage1.conv0,1,0.30000361689814814,1068,1068,55296,16589,0.003944820547404786
rigl_seed0,0,rigl,13000,52,stage1.conv1,1,0.30000361689814814,2136,2136,110592,33178,0.007889641094809573
rigl_seed0,0,rigl,13000,52,stage2.conv0,2,0.29999909577546297,4272,4272,221184,66355,0.015779044392250564
rigl_seed0,0,rigl,13000,52,stage2.conv1,2,0.29999909577546297,8545,8545,442368,132710,0.03155808878450113
rigl_seed0,0,rigl,13000,52,stage3.conv0,3,0.30000022605613424,17091,17091,884736,265421,0.06311641536637085
rigl_seed0,0,rigl,13000,52,stage3.conv1,3,0.30000022605613424,34182,34182,1769472,530842,0.1262328307327417
rigl_seed0,0,rigl,13000,52,stage4.conv0,4,0.3,42728,42728,2211840,663552,0.1577909195172428
rigl_seed0,0,rigl,13000,52,stage4.conv1,4,0.3,53410,53410,2764800,829440,0.1972386493965535
rigl_seed0,0,rigl,13000,52,stage5.conv0,5,0.3,53410,53410,2764800,829440,0.1972386493965535
rigl_seed0,0,rigl,13000,52,stage5.conv1,5,0.3,53410,53410,2764800,829440,0.1972386493965535
rigl_seed0,0,rigl,13250,53,stage0.conv1,0,0.2999855324074074,500,500,27648,8294,0.0019722913750181022
rigl_seed0,0,rigl,13250,53,stage1.conv0,1,0.30000361689814814,1000,1000,55296,16589,0.003944820547404786
rigl_seed0,0,rigl,13250,53,stage1.conv1,1,0.30000361689814814,2001,2001,110592,33178,0.007889641094809573
rigl_seed0,0,rigl,13250,53,stage2.conv0,2,0.29999909577546297,4002,4002,221184,66355,0.015779044392250564
rigl_seed0,0,rigl,13250,53,stage2.conv1,2,0.29999909577546297,8004,8004,442368,132710,0.03155808878450113
rigl_seed0,0,rigl,13250,53,stage3.conv0,3,0.30000022605613424,16008,16008,884736,265421,0.06311641536637085
rigl_seed0,0,rigl,13250,53,stage3.conv1,3,0.30000022605613424,32017,32017,1769472,530842,0.1262328307327417
rigl_seed0,0,rigl,13250,53,stage4.conv0,4,0.3,40021,40021,2211840,663552,0.1577909195172428
rigl_seed0,0,rigl,13250,53,stage4.conv1,4,0.3,50027,50027,2764800,829440,0.1972386493965535
rigl_seed0,0,rigl,13250,53,stage5.conv0,5,0.3,50027,50027,2764800,829440,0.1972386493965535
rigl_seed0,0,rigl,13250,53,stage5.conv1,5,0.3,50027,50027,2764800,829440,0.1972386493965535
rigl_seed0,0,rigl,13500,54,stage0.conv1,0,0.2999855324074074,451,451,27648,8294,0.0019722913750181022
rigl_seed0,0,rigl,13500,54,stage1.conv0,1,0.30000361689814814,902,902,55296,16589,0.003944820547404786
rigl_seed0,0,rigl,13500,54,stage1.conv1,1,0.30000361689814814,1804,1804,110592,33178,0.007889641094809573
rigl_seed0,0,rigl,13500,54,stage2.conv0,2,0.29999909577546297,3608,3608,221184,66355,0.015779044392250564
rigl_seed0,0,rigl,13500,54,stage2.conv1,2,0.29999909577546297,7217,7217,442368,132710,0.03155808878450113
rigl_seed0,0,rigl,13500,54,stage3.conv0,3,0.30000022605613424,14435,14435,884736,265421,0.06311641536637085
rigl_seed0,0,rigl,13500,54,stage3.conv1,3,0.30000022605613424,28870,28870,1769472,530842,0.1262328307327417
rigl_seed0,0,rigl,13500,54,stage4.conv0,4,0.3,36088,36088,2211840,663552,0.1577909195172428
rigl_seed0,0,rigl,13500,54,stage4.conv1,4,0.3,45110,45110,2764800,829440,0.1972386493965535
rigl_seed0,0,rigl,13500,54,stage5.conv0,5,0.3,45110,45110,2764800,829440,0.1972386493965535
rigl_seed0,0,rigl,13500,54,stage5.conv1,5,0.3,45110,45110,2764800,829440,0.1972386493965535
rigl_seed0,0,rigl,13750,55,stage0.conv1,0,0.2999855324074074,419,419,27648,8294,0.0019722913750181022
rigl_seed0,0,rigl,13750,55,stage1.conv0,1,0.30000361689814814,838,838,55296,16589,0.003944820547404786
rigl_seed0,0,rigl,13750,55,stage1.conv1,1,0.30000361689814814,1677,1677,110592,33178,0.007889641094809573
rigl_seed0,0,rigl,13750,55,stage2.conv0,2,0.29999909577546297,3355,3355,221184,66355,0.015779044392250564
rigl_seed0,0,rigl,13750,55,stage2.conv1,2,0.29999909577546297,6710,6710,442368,132710,0.03155808878450113
rigl_seed0,0,rigl,13750,55,stage3.conv0,3,0.30000022605613424,13421,13421,884736,265421,0.06311641536637085
rigl_seed0,0,rigl,13750,55,stage3.conv1,3,0.30000022605613424,26843,26843,1769472,530842,0.1262328307327417
rigl_seed0,0,rigl,13750,55,stage4.conv0,4,0.3,33554,33554,2211840,663552,0.1577909195172428
rigl_seed0,0,rigl,13750,55,stage4.conv1,4,0.3,41942,41942,2764800,829440,0.1972386493965535
rigl_seed0,0,rigl,13750,55,stage5.conv0,5,0.3,41942,41942,2764800,829440,0.1972386493965535
rigl_seed0,0,rigl,13750,55,stage5.conv1,5,0.3,41942,41942,2764800,829440,0.1972386493965535
rigl_seed0,0,rigl,14000,56,stage0.conv1,0,0.2999855324074074,373,373,27648,8294,0.0019722913750181022
rigl_seed0,0,rigl,14000,56,stage1.conv0,1,0.30000361689814814,747,747,55296,16589,0.003944820547404786
rigl_seed0,0,rigl,14000,56,stage1.conv1,1,0.30000361689814814,1494,1494,110592,33178,0.007889641094809573
rigl_seed0,0,rigl,14000,56,stage2.conv0,2,0.29999909577546297,2989,2989,221184,66355,0.015779044392250564
rigl_seed0,0,rigl,14000,56,stage2.conv1,2,0.29999909577546297,5978,5978,442368,132710,0.03155808878450113
rigl_seed0,0,rigl,14000,56,stage3.conv0,3,0.30000022605613424,11957,11957,884736,265421,0.06311641536637085
rigl_seed0,0,rigl,14000,56,stage3.conv1,3,0.30000022605613424,23914,23914,1769472,530842,0.1262328307327417
rigl_seed0,0,rigl,14000,56,stage4.conv0,4,0.3,29893,29893,2211840,663552,0.1577909195172428
rigl_seed0,0,rigl,14000,56,stage4.conv1,4,0.3,37366,37366,2764800,829440,0.1972386493965535
rigl_seed0,0,rigl,14000,56,stage5.conv0,5,0.3,37366,37366,2764800,829440,0.1972386493965535
rigl_seed0,0,rigl,14000,56,stage5.conv1,5,0.3,37366,37366,2764800,829440,0.1972386493965535
rigl_seed0,0,rigl,14250,57,stage0.conv1,0,0.2999855324074074,344,344,27648,8294,0.0019722913750181022
rigl_seed0,0,rigl,14250,57,stage1.conv0,1,0.30000361689814814,688,688,55296,16589,0.003944820547404786
rigl_seed0,0,rigl,14250,57,stage1.conv1,1,0.30000361689814814,1377,1377,110592,33178,0.007889641094809573
rigl_seed0,0,rigl,14250,57,stage2.conv0,2,0.29999909577546297,2754,2754,221184,66355,0.015779044392250564
rigl_seed0,0,rigl,14250,57,stage2.conv1,2,0.29999909577546297,5509,5509,442368,132710,0.03155808878450113
rigl_seed0,0,rigl,14250,57,stage3.conv0,3,0.30000022605613424,11019,11019,884736,265421,0.06311641536637085
rigl_seed0,0,rigl,14250,57,stage3.conv1,3,0.30000022605613424,22039,22039,1769472,530842,0.1262328307327417
rigl_seed0,0,rigl,14250,57,stage4.conv0,4,0.3,27549,27549,2211840,663552,0.1577909195172428
rigl_seed0,0,rigl,14250,57,stage4.conv1,4,0.3,34437,34437,2764800,829440,0.1972386493965535
rigl_seed0,0,rigl,14250,57,stage5.conv0,5,0.3,34437,34437,2764800,829440,0.1972386493965535
rigl_seed0,0,rigl,14250,57,stage5.conv1,5,0.3,34437,34437,2764800,829440,0.1972386493965535
rigl_seed0,0,rigl,14500,58,stage0.conv1,0,0.2999855324074074,302,302,27648,8294,0.0019722913750181022
rigl_seed0,0,rigl,14500,58,stage1.conv0,1,0.30000361689814814,604,604,55296,16589,0.003944820547404786
rigl_seed0,0,rigl,14500,58,stage1.conv1,1,0.30000361689814814,1209,1209,110592,33178,0.007889641094809573
rigl_seed0,0,rigl,14500,58,stage2.conv0,2,0.29999909577546297,2418,2418,221184,66355,0.015779044392250564
rigl_seed0,0,rigl,14500,58,stage2.conv1,2,0.29999909577546297,4837,4837,442368,132710,0.03155808878450113
rigl_seed0,0,rigl,14500,58,stage3.conv0,3,0.30000022605613424,9674,9674,884736,265421,0.06311641536637085
rigl_seed0,0,rigl,14500,58,stage3.conv1,3,0.30000022605613424,19349,19349,1769472,530842,0.1262328307327417
rigl_seed0,0,rigl,14500,58,stage4.conv0,4,0.3,24186,24186,2211840,663552,0.1577909195172428
rigl_seed0,0,rigl,14500,58,stage4.conv1,4,0.3,30233,30233,2764800,829440,0.1972386493965535
rigl_seed0,0,rigl,14500,58,stage5.conv0,5,0.3,30233,30233,2764800,829440,0.1972386493965535
rigl_seed0,0,rigl,14500,58,stage5.conv1,5,0.3,30233,30233,2764800,829440,0.1972386493965535
rigl_seed0,0,rigl,14750,59,stage0.conv1,0,0.2999855324074074,275,275,27648,8294,0.0019722913750181022
rigl_seed0,0,rigl,14750,59,stage1.conv0,1,0.30000361689814814,551,551,55296,16589,0.003944820547404786
rigl_seed0,0,rigl,14750,59,stage1.conv1,1,0.30000361689814814,1102,1102,110592,33178,0.007889641094809573
rigl_seed0,0,rigl,14750,59,stage2.conv0,2,0.29999909577546297,2205,2205,221184,66355,0.015779044392250564
rigl_seed0,0,rigl,14750,59,stage2.conv1,2,0.29999909577546297,4410,4410,442368,132710,0.03155808878450113
rigl_seed0,0,rigl,14750,59,stage3.conv0,3,0.30000022605613424,8820,8820,884736,265421,0.06311641536637085
rigl_seed0,0,rigl,14750,59,stage3.conv1,3,0.30000022605613424,17640,17640,1769472,530842,0.1262328307327417
rigl_seed0,0,rigl,14750,59,stage4.conv0,4,0.3,22050,22050,2211840,663552,0.1577909195172428
rigl_seed0,0,rigl,14750,59,stage4.conv1,4,0.3,27562,27562,2764800,829440,0.1972386493965535
rigl_seed0,0,rigl,14750,59,stage5.conv0,5,0.3,27562,27562,2764800,829440,0.1972386493965535
rigl_seed0,0,rigl,14750,59,stage5.conv1,5,0.3,27562,27562,2764800,829440,0.1972386493965535
rigl_seed0,0,rigl,15000,60,stage0.conv1,0,0.2999855324074074,237,237,27648,8294,0.0019722913750181022
rigl_seed0,0,rigl,15000,60,stage1.conv0,1,0.30000361689814814,475,475,55296,16589,0.003944820547404786
rigl_seed0,0,rigl,15000,60,stage1.conv1,1,0.30000361689814814,950,950,110592,33178,0.007889641094809573
rigl_seed0,0,rigl,15000,60,stage2.conv0,2,0.29999909577546297,1900,1900,221184,66355,0.015779044392250564
rigl_seed0,0,rigl,15000,60,stage2.conv1,2,0.29999909577546297,3801,3801,442368,132710,0.03155808878450113
rigl_seed0,0,rigl,15000,60,stage3.conv0,3,0.30000022605613424,7603,7603,884736,265421,0.06311641536637085
rigl_seed0,0,rigl,15000,60,stage3.conv1,3,0.30000022605613424,15207,15207,1769472,530842,0.1262328307327417
rigl_seed0,0,rigl,15000,60,stage4.conv0,4,0.3,19009,19009,2211840,663552,0.1577909195172428
rigl_seed0,0,rigl,15000,60,stage4.conv1,4,0.3,23761,23761,2764800,829440,0.1972386493965535
rigl_seed0,0,rigl,15000,60,stage5.conv0,5,0.3,23761,23761,2764800,829440,0.1972386493965535
rigl_seed0,0,rigl,15000,60,stage5.conv1,5,0.3,23761,23761,2764800,829440,0.1972386493965535
rigl_seed0,0,rigl,15250,61,stage0.conv1,0,0.2999855324074074,213,213,27648,8294,0.0019722913750181022
rigl_seed0,0,rigl,15250,61,stage1.conv0,1,0.30000361689814814,427,427,55296,16589,0.003944820547404786
rigl_seed0,0,rigl,15250,61,stage1.conv1,1,0.30000361689814814,854,854,110592,33178,0.007889641094809573
rigl_seed0,0,rigl,15250,61,stage2.conv0,2,0.29999909577546297,1709,1709,221184,66355,0.015779044392250564
rigl_seed0,0,rigl,15250,61,stage2.conv1,2,0.29999909577546297,3418,3418,442368,132710,0.03155808878450113
rigl_seed0,0,rigl,15250,61,stage3.conv0,3,0.30000022605613424,6837,6837,884736,265421,0.06311641536637085
rigl_seed0,0,rigl,15250,61,stage3.conv1,3,0.30000022605613424,13675,13675,1769472,530842,0.1262328307327417
rigl_seed0,0,rigl,15250,61,stage4.conv0,4,0.3,17094,17094,2211840,663552,0.1577909195172428
rigl_seed0,0,rigl,15250,61,stage4.conv1,4,0.3,21367,21367,2764800,829440,0.1972386493965535
rigl_seed0,0,rigl,15250,61,stage5.conv0,5,0.3,21367,21367,2764800,829440,0.1972386493965535
rigl_seed0,0,rigl,15250,61,stage5.conv1,5,0.3,21367,21367,2764800,829440,0.1972386493965535
rigl_seed0,0,rigl,15500,62,stage0.conv1,0,0.2999855324074074,179,179,27648,8294,0.0019722913750181022
rigl_seed0,0,rigl,15500,62,stage1.conv0,1,0.30000361689814814,359,359,55296,16589,0.003944820547404786
rigl_seed0,0,rigl,15500,62,stage1.conv1,1,0.30000361689814814,719,719,110592,33178,0.007889641094809573
rigl_seed0,0,rigl,15500,62,stage2.conv0,2,0.29999909577546297,1439,1439,221184,66355,0.015779044392250564
rigl_seed0,0,rigl,15500,62,stage2.conv1,2,0.29999909577546297,2879,2879,442368,132710,0.03155808878450113
rigl_seed0,0,rigl,15500,62,stage3.conv0,3,0.30000022605613424,5758,5758,884736,265421,0.06311641536637085
rigl_seed0,0,rigl,15500,62,stage3.conv1,3,0.30000022605613424,11516,11516,1769472,530842,0.1262328307327417
rigl_seed0,0,rigl,15500,62,stage4.conv0,4,0.3,14396,14396,2211840,663552,0.1577909195172428
rigl_seed0,0,rigl,15500,62,stage4.conv1,4,0.3,17995,17995,2764800,829440,0.1972386493965535
rigl_seed0,0,rigl,15500,62,stage5.conv0,5,0.3,17995,17995,2764800,829440,0.1972386493965535
rigl_seed0,0,rigl,15500,62,stage5.conv1,5,0.3,17995,17995,2764800,829440,0.1972386493965535
rigl_seed0,0,rigl,15750,63,stage0.conv1,0,0.2999855324074074,158,158,27648,8294,0.0019722913750181022
rigl_seed0,0,rigl,15750,63,stage1.conv0,1,0.30000361689814814,317,317,55296,16589,0.003944820547404786
rigl_seed0,0,rigl,15750,63,stage1.conv1,1,0.30000361689814814,635,635,110592,33178,0.007889641094809573
rigl_seed0,0,rigl,15750,63,stage2.conv0,2,0.29999909577546297,1271,1271,221184,66355,0.015779044392250564
rigl_seed0,0,rigl,15750,63,stage2.conv1,2,0.29999909577546297,2543,2543,442368,132710,0.03155808878450113
rigl_seed0,0,rigl,15750,63,stage3.conv0,3,0.30000022605613424,5086,5086,884736,265421,0.06311641536637085
rigl_seed0,0,rigl,15750,63,stage3.conv1,3,0.30000022605613424,10173,10173,1769472,530842,0.1262328307327417
rigl_seed0,0,rigl,15750,63,stage4.conv0,4,0.3,12716,12716,2211840,663552,0.1577909195172428
rigl_seed0,0,rigl,15750,63,stage4.conv1,4,0.3,15895,15895,2764800,829440,0.1972386493965535
rigl_seed0,0,rigl,15750,63,stage5.conv0,5,0.3,15895,15895,2764800,829440,0.1972386493965535
rigl_seed0,0,rigl,15750,63,stage5.conv1,5,0.3,15895,15895,2764800,829440,0.1972386493965535
rigl_seed0,0,rigl,16000,64,stage0.conv1,0,0.2999855324074074,129,129,27648,8294,0.0019722913750181022
rigl_seed0,0,rigl,16000,64,stage1.conv0,1,0.30000361689814814,259,259,55296,16589,0.003944820547404786
rigl_seed0,0,rigl,16000,64,stage1.conv1,1,0.30000361689814814,519,519,110592,33178,0.007889641094809573
rigl_seed0,0,rigl,16000,64,stage2.conv0,2,0.29999909577546297,1038,1038,221184,66355,0.015779044392250564
rigl_seed0,0,rigl,16000,64,stage2.conv1,2,0.29999909577546297,2076,2076,442368,132710,0.03155808878450113
rigl_seed0,0,rigl,16000,64,stage3.conv0,3,0.30000022605613424,4152,4152,884736,265421,0.06311641536637085
rigl_seed0,0,rigl,16000,64,stage3.conv1,3,0.30000022605613424,8304,8304,1769472,530842,0.1262328307327417
rigl_seed0,0,rigl,16000,64,stage4.conv0,4,0.3,10380,10380,2211840,663552,0.1577909195172428
rigl_seed0,0,rigl,16000,64,stage4.conv1,4,0.3,12975,12975,2764800,829440,0.1972386493965535
rigl_seed0,0,rigl,16000,64,stage5.conv0,5,0.3,12975,12975,2764800,829440,0.1972386493965535
rigl_seed0,0,rigl,16000,64,stage5.conv1,5,0.3,12975,12975,2764800,829440,0.1972386493965535
rigl_seed0,0,rigl,16250,65,stage0.conv1,0,0.2999855324074074,111,111,27648,8294,0.0019722913750181022
rigl_seed0,0,rigl,16250,65,stage1.conv0,1,0.30000361689814814,223,223,55296,16589,0.003944820547404786
rigl_seed0,0,rigl,16250,65,stage1.conv1,1,0.30000361689814814,447,447,110592,33178,0.007889641094809573
rigl_seed0,0,rigl,16250,65,stage2.conv0,2,0.29999909577546297,894,894,221184,66355,0.015779044392250564
rigl_seed0,0,rigl,16250,65,stage2.conv1,2,0.29999909577546297,1789,1789,442368,132710,0.03155808878450113
rigl_seed0,0,rigl,16250,65,stage3.conv0,3,0.30000022605613424,3578,3578,884736,265421,0.06311641536637085
rigl_seed0,0,rigl,16250,65,stage3.conv1,3,0.30000022605613424,7157,7157,1769472,530842,0.1262328307327417
rigl_seed0,0,rigl,16250,65,stage4.conv0,4,0.3,8947,8947,2211840,663552,0.1577909195172428
rigl_seed0,0,rigl,16250,65,stage4.conv1,4,0.3,11184,11184,2764800,829440,0.1972386493965535
rigl_seed0,0,rigl,16250,65,stage5.conv0,5,0.3,11184,11184,2764800,829440,0.1972386493965535
rigl_seed0,0,rigl,16250,65,stage5.conv1,5,0.3,11184,11184,2764800,829440,0.1972386493965535
rigl_seed0,0,rigl,16500,66,stage0.conv1,0,0.2999855324074074,87,87,27648,8294,0.0019722913750181022
rigl_seed0,0,rigl,16500,66,stage1.conv0,1,0.30000361689814814,174,174,55296,16589,0.003944820547404786
rigl_seed0,0,rigl,16500,66,stage1.conv1,1,0.30000361689814814,349,349,110592,33178,0.007889641094809573
rigl_seed0,0,rigl,16500,66,stage2.conv0,2,0.29999909577546297,698,698,221184,66355,0.015779044392250564
rigl_seed0,0,rigl,16500,66,stage2.conv1,2,0.29999909577546297,1397,1397,442368,132710,0.03155808878450113
rigl_seed0,0,rigl,16500,66,stage3.conv0,3,0.30000022605613424,2795,2795,884736,265421,0.06311641536637085
rigl_seed0,0,rigl,16500,66,stage3.conv1,3,0.30000022605613424,5591,5591,1769472,530842,0.1262328307327417
rigl_seed0,0,rigl,16500,66,stage4.conv0,4,0.3,6989,6989,2211840,663552,0.1577909195172428
rigl_seed0,0,rigl,16500,66,stage4.conv1,4,0.3,8736,8736,2764800,829440,0.1972386493965535
rigl_seed0,0,rigl,16500,66,stage5.conv0,5,0.3,8736,8736,2764800,829440,0.1972386493965535
rigl_seed0,0,rigl,16500,66,stage5.conv1,5,0.3,8736,8736,2764800,829440,0.1972386493965535
rigl_seed0,0,rigl,16750,67,stage0.conv1,0,0.2999855324074074,72,72,27648,8294,0.0019722913750181022
rigl_seed0,0,rigl,16750,67,stage1.conv0,1,0.30000361689814814,145,145,55296,16589,0.003944820547404786
rigl_seed0,0,rigl,16750,67,stage1.conv1,1,0.30000361689814814,290,290,110592,33178,0.007889641094809573
rigl_seed0,0,rigl,16750,67,stage2.conv0,2,0.29999909577546297,581,581,221184,66355,0.015779044392250564
rigl_seed0,0,rigl,16750,67,stage2.conv1,2,0.29999909577546297,1162,1162,442368,132710,0.03155808878450113
rigl_seed0,0,rigl,16750,67,stage3.conv0,3,0.30000022605613424,2325,2325,884736,265421,0.06311641536637085
rigl_seed0,0,rigl,16750,67,stage3.conv1,3,0.30000022605613424,4651,4651,1769472,530842,0.1262328307327417
rigl_seed0,0,rigl,16750,67,stage4.conv0,4,0.3,5813,5813,2211840,663552,0.1577909195172428
rigl_seed0,0,rigl,16750,67,stage4.conv1,4,0.3,7267,7267,2764800,829440,0.1972386493965535
rigl_seed0,0,rigl,16750,67,stage5.conv0,5,0.3,7267,7267,2764800,829440,0.1972386493965535
rigl_seed0,0,rigl,16750,67,stage5.conv1,5,0.3,7267,7267,2764800,829440,0.1972386493965535
rigl_seed0,0,rigl,17000,68,stage0.conv1,0,0.2999855324074074,53,53,27648,8294,0.0019722913750181022
rigl_seed0,0,rigl,17000,68,stage1.conv0,1,0.30000361689814814,106,106,55296,16589,0.003944820547404786
rigl_seed0,0,rigl,17000,68,stage1.conv1,1,0.30000361689814814,212,212,110592,33178,0.007889641094809573
rigl_seed0,0,rigl,17000,68,stage2.conv0,2,0.29999909577546297,424,424,221184,66355,0.015779044392250564
rigl_seed0,0,rigl,17000,68,stage2.conv1,2,0.29999909577546297,849,849,442368,132710,0.03155808878450113
rigl_seed0,0,rigl,17000,68,stage3.conv0,3,0.30000022605613424,1699,1699,884736,265421,0.06311641536637085
rigl_seed0,0,rigl,17000,68,stage3.conv1,3,0.30000022605613424,3398,3398,1769472,530842,0.1262328307327417
rigl_seed0,0,rigl,17000,68,stage4.conv0,4,0.3,4248,4248,2211840,663552,0.1577909195172428
rigl_seed0,0,rigl,17000,68,stage4.conv1,4,0.3,5310,5310,2764800,829440,0.1972386493965535
rigl_seed0,0,rigl,17000,68,stage5.conv0,5,0.3,5310,5310,2764800,829440,0.1972386493965535
rigl_seed0,0,rigl,17000,68,stage5.conv1,5,0.3,5310,5310,2764800,829440,0.1972386493965535
rigl_seed0,0,rigl,17250,69,stage0.conv1,0,0.2999855324074074,41,41,27648,8294,0.0019722913750181022
rigl_seed0,0,rigl,17250,69,stage1.conv0,1,0.30000361689814814,83,83,55296,16589,0.003944820547404786
rigl_seed0,0,rigl,17250,69,stage1.conv1,1,0.30000361689814814,166,166,110592,33178,0.007889641094809573
rigl_seed0,0,rigl,17250,69,stage2.conv0,2,0.29999909577546297,333,333,221184,66355,0.015779044392250564
rigl_seed0,0,rigl,17250,69,stage2.conv1,2,0.29999909577546297,667,667,442368,132710,0.03155808878450113
rigl_seed0,0,rigl,17250,69,stage3.conv0,3,0.30000022605613424,1335,1335,884736,265421,0.06311641536637085
rigl_seed0,0,rigl,17250,69,stage3.conv1,3,0.30000022605613424,2670,2670,1769472,530842,0.1262328307327417
rigl_seed0,0,rigl,17250,69,stage4.conv0,4,0.3,3337,3337,2211840,663552,0.1577909195172428
rigl_seed0,0,rigl,17250,69,stage4.conv1,4,0.3,4172,4172,2764800,829440,0.1972386493965535
rigl_seed0,0,rigl,17250,69,stage5.conv0,5,0.3,4172,4172,2764800,829440,0.1972386493965535
rigl_seed0,0,rigl,17250,69,stage5.conv1,5,0.3,4172,4172,2764800,829440,0.1972386493965535
rigl_seed0,0,rigl,17500,70,stage0.conv1,0,0.2999855324074074,27,27,27648,8294,0.0019722913750181022
rigl_seed0,0,rigl,17500,70,stage1.conv0,1,0.30000361689814814,54,54,55296,16589,0.003944820547404786
rigl_seed0,0,rigl,17500,70,stage1.conv1,1,0.30000361689814814,108,108,110592,33178,0.007889641094809573
rigl_seed0,0,rigl,17500,70,stage2.conv0,2,0.29999909577546297,217,217,221184,66355,0.015779044392250564
rigl_seed0,0,rigl,17500,70,stage2.conv1,2,0.29999909577546297,435,435,442368,132710,0.03155808878450113
rigl_seed0,0,rigl,17500,70,stage3.conv0,3,0.30000022605613424,870,870,884736,265421,0.06311641536637085
rigl_seed0,0,rigl,17500,70,stage3.conv1,3,0.30000022605613424,1740,1740,1769472,530842,0.1262328307327417
rigl_seed0,0,rigl,17500,70,stage4.conv0,4,0.3,2175,2175,2211840,663552,0.1577909195172428
rigl_seed0,0,rigl,17500,70,stage4.conv1,4,0.3,2718,2718,2764800,829440,0.1972386493965535
rigl_seed0,0,rigl,17500,70,stage5.conv0,5,0.3,2718,2718,2764800,829440,0.1972386493965535
rigl_seed0,0,rigl,17500,70,stage5.conv1,5,0.3,2718,2718,2764800,829440,0.1972386493965535
rigl_seed0,0,rigl,17750,71,stage0.conv1,0,0.2999855324074074,19,19,27648,8294,0.0019722913750181022
rigl_seed0,0,rigl,17750,71,stage1.conv0,1,0.30000361689814814,38,38,55296,16589,0.003944820547404786
rigl_seed0,0,rigl,17750,71,stage1.conv1,1,0.30000361689814814,76,76,110592,33178,0.007889641094809573
rigl_seed0,0,rigl,17750,71,stage2.conv0,2,0.29999909577546297,153,153,221184,66355,0.015779044392250564
rigl_seed0,0,rigl,17750,71,stage2.conv1,2,0.29999909577546297,307,307,442368,132710,0.03155808878450113
rigl_seed0,0,rigl,17750,71,stage3.conv0,3,0.30000022605613424,614,614,884736,265421,0.06311641536637085
rigl_seed0,0,rigl,17750,71,stage3.conv1,3,0.30000022605613424,1229,1229,1769472,530842,0.1262328307327417
rigl_seed0,0,rigl,17750,71,stage4.conv0,4,0.3,1536,1536,2211840,663552,0.1577909195172428
rigl_seed0,0,rigl,17750,71,stage4.conv1,4,0.3,1920,1920,2764800,829440,0.1972386493965535
rigl_seed0,0,rigl,17750,71,stage5.conv0,5,0.3,1920,1920,2764800,829440,0.1972386493965535
rigl_seed0,0,rigl,17750,71,stage5.conv1,5,0.3,1920,1920,2764800,829440,0.1972386493965535
rigl_seed0,0,rigl,18000,72,stage0.conv1,0,0.2999855324074074,9,9,27648,8294,0.0019722913750181022
rigl_seed0,0,rigl,18000,72,stage1.conv0,1,0.30000361689814814,19,19,55296,16589,0.003944820547404786
rigl_seed0,0,rigl,18000,72,stage1.conv1,1,0.30000361689814814,39,39,110592,33178,0.007889641094809573
rigl_seed0,0,rigl,18000,72,stage2.conv0,2,0.29999909577546297,78,78,221184,66355,0.015779044392250564
rigl_seed0,0,rigl,18000,72,stage2.conv1,2,0.29999909577546297,156,156,442368,132710,0.03155808878450113
rigl_seed0,0,rigl,18000,72,stage3.conv0,3,0.30000022605613424,313,313,884736,265421,0.06311641536637085
rigl_seed0,0,rigl,18000,72,stage3.conv1,3,0.30000022605613424,627,627,1769472,530842,0.1262328307327417
rigl_seed0,0,rigl,18000,72,stage4.conv0,4,0.3,784,784,2211840,663552,0.1577909195172428
rigl_seed0,0,rigl,18000,72,stage4.conv1,4,0.3,981,981,2764800,829440,0.1972386493965535
rigl_seed0,0,rigl,18000,72,stage5.conv0,5,0.3,981,981,2764800,829440,0.1972386493965535
rigl_seed0,0,rigl,18000,72,stage5.conv1,5,0.3,981,981,2764800,829440,0.1972386493965535
rigl_seed0,0,rigl,18250,73,stage0.conv1,0,0.2999855324074074,5,5,27648,8294,0.0019722913750181022
rigl_seed0,0,rigl,18250,73,stage1.conv0,1,0.30000361689814814,10,10,55296,16589,0.003944820547404786
rigl_seed0,0,rigl,18250,73,stage1.conv1,1,0.30000361689814814,21,21,110592,33178,0.007889641094809573
rigl_seed0,0,rigl,18250,73,stage2.conv0,2,0.29999909577546297,42,42,221184,66355,0.015779044392250564
rigl_seed0,0,rigl,18250,73,stage2.conv1,2,0.29999909577546297,84,84,442368,132710,0.03155808878450113
rigl_seed0,0,rigl,18250,73,stage3.conv0,3,0.30000022605613424,168,168,884736,265421,0.06311641536637085
rigl_seed0,0,rigl,18250,73,stage3.conv1,3,0.30000022605613424,337,337,1769472,530842,0.1262328307327417
rigl_seed0,0,rigl,18250,73,stage4.conv0,4,0.3,422,422,2211840,663552,0.1577909195172428
rigl_seed0,0,rigl,18250,73,stage4.conv1,4,0.3,527,527,2764800,829440,0.1972386493965535
rigl_seed0,0,rigl,18250,73,stage5.conv0,5,0.3,527,527,2764800,829440,0.1972386493965535
rigl_seed0,0,rigl,18250,73,stage5.conv1,5,0.3,527,527,2764800,829440,0.1972386493965535
rigl_seed0,0,rigl,18500,74,stage0.conv1,0,0.2999855324074074,1,1,27648,8294,0.0019722913750181022
rigl_seed0,0,rigl,18500,74,stage1.conv0,1,0.30000361689814814,2,2,55296,16589,0.003944820547404786
rigl_seed0,0,rigl,18500,74,stage1.conv1,1,0.30000361689814814,4,4,110592,33178,0.007889641094809573
rigl_seed0,0,rigl,18500,74,stage2.conv0,2,0.29999909577546297,8,8,221184,66355,0.015779044392250564
rigl_seed0,0,rigl,18500,74,stage2.conv1,2,0.29999909577546297,17,17,442368,132710,0.03155808878450113
rigl_seed0,0,rigl,18500,74,stage3.conv0,3,0.30000022605613424,34,34,884736,265421,0.06311641536637085
rigl_seed0,0,rigl,18500,74,stage3.conv1,3,0.30000022605613424,69,69,1769472,530842,0.1262328307327417
rigl_seed0,0,rigl,18500,74,stage4.conv0,4,0.3,87,87,2211840,663552,0.1577909195172428
rigl_seed0,0,rigl,18500,74,stage4.conv1,4,0.3,109,109,2764800,829440,0.1972386493965535
rigl_seed0,0,rigl,18500,74,stage5.conv0,5,0.3,109,109,2764800,829440,0.1972386493965535
rigl_seed0,0,rigl,18500,74,stage5.conv1,5,0.3,109,109,2764800,829440,0.1972386493965535
rigl_seed0,0,rigl,18750,75,stage0.conv1,0,0.2999855324074074,0,0,27648,8294,0.0019722913750181022
rigl_seed0,0,rigl,18750,75,stage1.conv0,1,0.30000361689814814,0,0,55296,16589,0.003944820547404786
rigl_seed0,0,rigl,18750,75,stage1.conv1,1,0.30000361689814814,0,0,110592,33178,0.007889641094809573
rigl_seed0,0,rigl,18750,75,stage2.conv0,2,0.29999909577546297,0,0,221184,66355,0.015779044392250564
rigl_seed0,0,rigl,18750,75,stage2.conv1,2,0.29999909577546297,0,0,442368,132710,0.03155808878450113
rigl_seed0,0,rigl,18750,75,stage3.conv0,3,0.30000022605613424,1,1,884736,265421,0.06311641536637085
rigl_seed0,0,rigl,18750,75,stage3.conv1,3,0.30000022605613424,2,2,1769472,530842,0.1262328307327417
rigl_seed0,0,rigl,18750,75,stage4.conv0,4,0.3,3,3,2211840,663552,0.1577909195172428
rigl_seed0,0,rigl,18750,75,stage4.conv1,4,0.3,4,4,2764800,829440,0.1972386493965535
rigl_seed0,0,rigl,18750,75,stage5.conv0,5,0.3,4,4,2764800,829440,0.1972386493965535
rigl_seed0,0,rigl,18750,75,stage5.conv1,5,0.3,4,4,2764800,829440,0.1972386493965535
rigl_seed0,0,rigl,19000,76,stage0.conv1,0,0.2999855324074074,0,0,27648,8294,0.0019722913750181022
rigl_seed0,0,rigl,19000,76,stage1.conv0,1,0.30000361689814814,0,0,55296,16589,0.003944820547404786
rigl_seed0,0,rigl,19000,76,stage1.conv1,1,0.30000361689814814,0,0,110592,33178,0.007889641094809573
rigl_seed0,0,rigl,19000,76,stage2.conv0,2,0.29999909577546297,0,0,221184,66355,0.015779044392250564
rigl_seed0,0,rigl,19000,76,stage2.conv1,2,0.29999909577546297,0,0,442368,132710,0.03155808878450113
rigl_seed0,0,rigl,19000,76,stage3.conv0,3,0.30000022605613424,0,0,884736,265421,0.06311641536637085
rigl_seed0,0,rigl,19000,76,stage3.conv1,3,0.30000022605613424,0,0,1769472,530842,0.1262328307327417
rigl_seed0,0,rigl,19000,76,stage4.conv0,4,0.3,0,0,2211840,663552,0.1577909195172428
rigl_seed0,0,rigl,19000,76,stage4.conv1,4,0.3,0,0,2764800,829440,0.1972386493965535
rigl_seed0,0,rigl,19000,76,stage5.conv0,5,0.3,0,0,2764800,829440,0.1972386493965535
rigl_seed0,0,rigl,19000,76,stage5.conv1,5,0.3,0,0,2764800,829440,0.1972386493965535
rigl_seed0,0,rigl,19250,77,stage0.conv1,0,0.2999855324074074,0,0,27648,8294,0.0019722913750181022
rigl_seed0,0,rigl,19250,77,stage1.conv0,1,0.30000361689814814,0,0,55296,16589,0.003944820547404786
rigl_seed0,0,rigl,19250,77,stage1.conv1,1,0.30000361689814814,0,0,110592,33178,0.007889641094809573
rigl_seed0,0,rigl,19250,77,stage2.conv0,2,0.29999909577546297,0,0,221184,66355,0.015779044392250564
rigl_seed0,0,rigl,19250,77,stage2.conv1,2,0.29999909577546297,0,0,442368,132710,0.03155808878450113
rigl_seed0,0,rigl,19250,77,stage3.conv0,3,0.30000022605613424,0,0,884736,265421,0.06311641536637085
rigl_seed0,0,rigl,19250,77,stage3.conv1,3,0.30000022605613424,0,0,1769472,530842,0.1262328307327417
rigl_seed0,0,rigl,19250,77,stage4.conv0,4,0.3,0,0,2211840,663552,0.1577909195172428
rigl_seed0,0,rigl,19250,77,stage4.conv1,4,0.3,0,0,2764800,829440,0.1972386493965535
rigl_seed0,0,rigl,19250,77,stage5.conv0,5,0.3,0,0,2764800,829440,0.1972386493965535
rigl_seed0,0,rigl,19250,77,stage5.conv1,5,0.3,0,0,2764800,829440,0.1972386493965535
rigl_seed0,0,rigl,19500,78,stage0.conv1,0,0.2999855324074074,0,0,27648,8294,0.0019722913750181022
rigl_seed0,0,rigl,19500,78,stage1.conv0,1,0.30000361689814814,0,0,55296,16589,0.003944820547404786
rigl_seed0,0,rigl,19500,78,stage1.conv1,1,0.30000361689814814,0,0,110592,33178,0.007889641094809573
rigl_seed0,0,rigl,19500,78,stage2.conv0,2,0.29999909577546297,0,0,221184,66355,0.015779044392250564
rigl_seed0,0,rigl,19500,78,stage2.conv1,2,0.29999909577546297,0,0,442368,132710,0.03155808878450113
rigl_seed0,0,rigl,19500,78,stage3.conv0,3,0.30000022605613424,0,0,884736,265421,0.06311641536637085
rigl_seed0,0,rigl,19500,78,stage3.conv1,3,0.30000022605613424,0,0,1769472,530842,0.1262328307327417
rigl_seed0,0,rigl,19500,78,stage4.conv0,4,0.3,0,0,2211840,663552,0.1577909195172428
rigl_seed0,0,rigl,19500,78,stage4.conv1,4,0.3,0,0,2764800,829440,0.1972386493965535
rigl_seed0,0,rigl,19500,78,stage5.conv0,5,0.3,0,0,2764800,829440,0.1972386493965535
rigl_seed0,0,rigl,19500,78,stage5.conv1,5,0.3,0,0,2764800,829440,0.1972386493965535
rigl_seed0,0,rigl,19750,79,stage0.conv1,0,0.2999855324074074,0,0,27648,8294,0.0019722913750181022
rigl_seed0,0,rigl,19750,79,stage1.conv0,1,0.30000361689814814,0,0,55296,16589,0.003944820547404786
rigl_seed0,0,rigl,19750,79,stage1.conv1,1,0.30000361689814814,0,0,110592,33178,0.007889641094809573
rigl_seed0,0,rigl,19750,79,stage2.conv0,2,0.29999909577546297,0,0,221184,66355,0.015779044392250564
rigl_seed0,0,rigl,19750,79,stage2.conv1,2,0.29999909577546297,0,0,442368,132710,0.03155808878450113
rigl_seed0,0,rigl,19750,79,stage3.conv0,3,0.30000022605613424,0,0,884736,265421,0.06311641536637085
rigl_seed0,0,rigl,19750,79,stage3.conv1,3,0.30000022605613424,0,0,1769472,530842,0.1262328307327417
rigl_seed0,0,rigl,19750,79,stage4.conv0,4,0.3,0,0,2211840,663552,0.1577909195172428
rigl_seed0,0,rigl,19750,79,stage4.conv1,4,0.3,0,0,2764800,829440,0.1972386493965535
rigl_seed0,0,rigl,19750,79,stage5.conv0,5,0.3,0,0,2764800,829440,0.1972386493965535
rigl_seed0,0,rigl,19750,79,stage5.conv1,5,0.3,0,0,2764800,829440,0.1972386493965535
rigl_seed0,0,rigl,20000,80,stage0.conv1,0,0.2999855324074074,0,0,27648,8294,0.0019722913750181022
rigl_seed0,0,rigl,20000,80,stage1.conv0,1,0.30000361689814814,0,0,55296,16589,0.003944820547404786
rigl_seed0,0,rigl,20000,80,stage1.conv1,1,0.30000361689814814,0,0,110592,33178,0.007889641094809573
rigl_seed0,0,rigl,20000,80,stage2.conv0,2,0.29999909577546297,0,0,221184,66355,0.015779044392250564
rigl_seed0,0,rigl,20000,80,stage2.conv1,2,0.29999909577546297,0,0,442368,132710,0.03155808878450113
rigl_seed0,0,rigl,20000,80,stage3.conv0,3,0.30000022605613424,0,0,884736,265421,0.06311641536637085
rigl_seed0,0,rigl,20000,80,stage3.conv1,3,0.30000022605613424,0,0,1769472,530842,0.1262328307327417
rigl_seed0,0,rigl,20000,80,stage4.conv0,4,0.3,0,0,2211840,663552,0.1577909195172428
rigl_seed0,0,rigl,20000,80,stage4.conv1,4,0.3,0,0,2764800,829440,0.1972386493965535
rigl_seed0,0,rigl,20000,80,stage5.conv0,5,0.3,0,0,2764800,829440,0.1972386493965535
rigl_seed0,0,rigl,20000,80,stage5.conv1,5,0.3,0,0,2764800,829440,0.1972386493965535
rigl_seed0,0,rigl,20250,81,stage0.conv1,0,0.2999855324074074,0,0,27648,8294,0.0019722913750181022
rigl_seed0,0,rigl,20250,81,stage1.conv0,1,0.30000361689814814,0,0,55296,16589,0.003944820547404786
rigl_seed0,0,rigl,20250,81,stage1.conv1,1,0.30000361689814814,0,0,110592,33178,0.007889641094809573
rigl_seed0,0,rigl,20250,81,stage2.conv0,2,0.29999909577546297,0,0,221184,66355,0.015779044392250564
rigl_seed0,0,rigl,20250,81,stage2.conv1,2,0.29999909577546297,0,0,442368,132710,0.03155808878450113
rigl_seed0,0,rigl,20250,81,stage3.conv0,3,0.30000022605613424,0,0,884736,265421,0.06311641536637085
rigl_seed0,0,rigl,20250,81,stage3.conv1,3,0.30000022605613424,0,0,1769472,530842,0.1262328307327417
rigl_seed0,0,rigl,20250,81,stage4.conv0,4,0.3,0,0,2211840,663552,0.1577909195172428
rigl_seed0,0,rigl,20250,81,stage4.conv1,4,0.3,0,0,2764800,829440,0.1972386493965535
rigl_seed0,0,rigl,20250,81,stage5.conv0,5,0.3,0,0,2764800,829440,0.1972386493965535
rigl_seed0,0,rigl,20250,81,stage5.conv1,5,0.3,0,0,2764800,829440,0.1972386493965535
rigl_seed0,0,rigl,20500,82,stage0.conv1,0,0.2999855324074074,0,0,27648,8294,0.0019722913750181022
rigl_seed0,0,rigl,20500,82,stage1.conv0,1,0.30000361689814814,0,0,55296,16589,0.003944820547404786
rigl_seed0,0,rigl,20500,82,stage1.conv1,1,0.30000361689814814,0,0,110592,33178,0.007889641094809573
rigl_seed0,0,rigl,20500,82,stage2.conv0,2,0.29999909577546297,0,0,221184,66355,0.015779044392250564
rigl_seed0,0,rigl,20500,82,stage2.conv1,2,0.29999909577546297,0,0,442368,132710,0.03155808878450113
rigl_seed0,0,rigl,20500,82,stage3.conv0,3,0.30000022605613424,0,0,884736,265421,0.06311641536637085
rigl_seed0,0,rigl,20500,82,stage3.conv1,3,0.30000022605613424,0,0,1769472,530842,0.1262328307327417
rigl_seed0,0,rigl,20500,82,stage4.conv0,4,0.3,0,0,2211840,663552,0.1577909195172428
rigl_seed0,0,rigl,20500,82,stage4.conv1,4,0.3,0,0,2764800,829440,0.1972386493965535
rigl_seed0,0,rigl,20500,82,stage5.conv0,5,0.3,0,0,2764800,829440,0.1972386493965535
rigl_seed0,0,rigl,20500,82,stage5.conv1,5,0.3,0,0,2764800,829440,0.1972386493965535
rigl_seed0,0,rigl,20750,83,stage0.conv1,0,0.2999855324074074,0,0,27648,8294,0.0019722913750181022
rigl_seed0,0,rigl,20750,83,stage1.conv0,1,0.30000361689814814,0,0,55296,16589,0.003944820547404786
rigl_seed0,0,rigl,20750,83,stage1.conv1,1,0.30000361689814814,0,0,110592,33178,0.007889641094809573
rigl_seed0,0,rigl,20750,83,stage2.conv0,2,0.29999909577546297,0,0,221184,66355,0.015779044392250564
rigl_seed0,0,rigl,20750,83,stage2.conv1,2,0.29999909577546297,0,0,442368,132710,0.03155808878450113
rigl_seed0,0,rigl,20750,83,stage3.conv0,3,0.30000022605613424,0,0,884736,265421,0.06311641536637085
rigl_seed0,0,rigl,20750,83,stage3.conv1,3,0.30000022605613424,0,0,1769472,530842,0.1262328307327417
rigl_seed0,0,rigl,20750,83,stage4.conv0,4,0.3,0,0,2211840,663552,0.1577909195172428
rigl_seed0,0,rigl,20750,83,stage4.conv1,4,0.3,0,0,2764800,829440,0.1972386493965535
rigl_seed0,0,rigl,20750,83,stage5.conv0,5,0.3,0,0,2764800,829440,0.1972386493965535
rigl_seed0,0,rigl,20750,83,stage5.conv1,5,0.3,0,0,2764800,829440,0.1972386493965535
rigl_seed0,0,rigl,21000,84,stage0.conv1,0,0.2999855324074074,0,0,27648,8294,0.0019722913750181022
rigl_seed0,0,rigl,21000,84,stage1.conv0,1,0.30000361689814814,0,0,55296,16589,0.003944820547404786
rigl_seed0,0,rigl,21000,84,stage1.conv1,1,0.30000361689814814,0,0,110592,33178,0.007889641094809573
rigl_seed0,0,rigl,21000,84,stage2.conv0,2,0.29999909577546297,0,0,221184,66355,0.015779044392250564
rigl_seed0,0,rigl,21000,84,stage2.conv1,2,0.29999909577546297,0,0,442368,132710,0.03155808878450113
rigl_seed0,0,rigl,21000,84,stage3.conv0,3,0.30000022605613424,0,0,884736,265421,0.06311641536637085
rigl_seed0,0,rigl,21000,84,stage3.conv1,3,0.30000022605613424,0,0,1769472,530842,0.1262328307327417
rigl_seed0,0,rigl,21000,84,stage4.conv0,4,0.3,0,0,2211840,663552,0.1577909195172428
rigl_seed0,0,rigl,21000,84,stage4.conv1,4,0.3,0,0,2764800,829440,0.1972386493965535
rigl_seed0,0,rigl,21000,84,stage5.conv0,5,0.3,0,0,2764800,829440,0.1972386493965535
rigl_seed0,0,rigl,21000,84,stage5.conv1,5,0.3,0,0,2764800,829440,0.1972386493965535
rigl_seed0,0,rigl,21250,85,stage0.conv1,0,0.2999855324074074,0,0,27648,8294,0.0019722913750181022
rigl_seed0,0,rigl,21250,85,stage1.conv0,1,0.30000361689814814,0,0,55296,16589,0.003944820547404786
rigl_seed0,0,rigl,21250,85,stage1.conv1,1,0.30000361689814814,0,0,110592,33178,0.007889641094809573
rigl_seed0,0,rigl,21250,85,stage2.conv0,2,0.29999909577546297,0,0,221184,66355,0.015779044392250564
rigl_seed0,0,rigl,21250,85,stage2.conv1,2,0.29999909577546297,0,0,442368,132710,0.03155808878450113
rigl_seed0,0,rigl,21250,85,stage3.conv0,3,0.30000022605613424,0,0,884736,265421,0.06311641536637085
rigl_seed0,0,rigl,21250,85,stage3.conv1,3,0.30000022605613424,0,0,1769472,530842,0.1262328307327417
rigl_seed0,0,rigl,21250,85,stage4.conv0,4,0.3,0,0,2211840,663552,0.1577909195172428
rigl_seed0,0,rigl,21250,85,stage4.conv1,4,0.3,0,0,2764800,829440,0.1972386493965535
rigl_seed0,0,rigl,21250,85,stage5.conv0,5,0.3,0,0,2764800,829440,0.1972386493965535
rigl_seed0,0,rigl,21250,85,stage5.conv1,5,0.3,0,0,2764800,829440,0.1972386493965535
rigl_seed0,0,rigl,21500,86,stage0.conv1,0,0.2999855324074074,0,0,27648,8294,0.0019722913750181022
rigl_seed0,0,rigl,21500,86,stage1.conv0,1,0.30000361689814814,0,0,55296,16589,0.003944820547404786
rigl_seed0,0,rigl,21500,86,stage1.conv1,1,0.30000361689814814,0,0,110592,33178,0.007889641094809573
rigl_seed0,0,rigl,21500,86,stage2.conv0,2,0.29999909577546297,0,0,221184,66355,0.015779044392250564
rigl_seed0,0,rigl,21500,86,stage2.conv1,2,0.29999909577546297,0,0,442368,132710,0.03155808878450113
rigl_seed0,0,rigl,21500,86,stage3.conv0,3,0.30000022605613424,0,0,884736,265421,0.06311641536637085
rigl_seed0,0,rigl,21500,86,stage3.conv1,3,0.30000022605613424,0,0,1769472,530842,0.1262328307327417
rigl_seed0,0,rigl,21500,86,stage4.conv0,4,0.3,0,0,2211840,663552,0.1577909195172428
rigl_seed0,0,rigl,21500,86,stage4.conv1,4,0.3,0,0,2764800,829440,0.1972386493965535
rigl_seed0,0,rigl,21500,86,stage5.conv0,5,0.3,0,0,2764800,829440,0.1972386493965535
rigl_seed0,0,rigl,21500,86,stage5.conv1,5,0.3,0,0,2764800,829440,0.1972386493965535
rigl_seed0,0,rigl,21750,87,stage0.conv1,0,0.2999855324074074,0,0,27648,8294,0.0019722913750181022
rigl_seed0,0,rigl,21750,87,stage1.conv0,1,0.30000361689814814,0,0,55296,16589,0.003944820547404786
rigl_seed0,0,rigl,21750,87,stage1.conv1,1,0.30000361689814814,0,0,110592,33178,0.007889641094809573
rigl_seed0,0,rigl,21750,87,stage2.conv0,2,0.29999909577546297,0,0,221184,66355,0.015779044392250564
rigl_seed0,0,rigl,21750,87,stage2.conv1,2,0.29999909577546297,0,0,442368,132710,0.03155808878450113
rigl_seed0,0,rigl,21750,87,stage3.conv0,3,0.30000022605613424,0,0,884736,265421,0.06311641536637085
rigl_seed0,0,rigl,21750,87,stage3.conv1,3,0.30000022605613424,0,0,1769472,530842,0.1262328307327417
rigl_seed0,0,rigl,21750,87,stage4.conv0,4,0.3,0,0,2211840,663552,0.1577909195172428
rigl_seed0,0,rigl,21750,87,stage4.conv1,4,0.3,0,0,2764800,829440,0.1972386493965535
rigl_seed0,0,rigl,21750,87,stage5.conv0,5,0.3,0,0,2764800,829440,0.1972386493965535
rigl_seed0,0,rigl,21750,87,stage5.conv1,5,0.3,0,0,2764800,829440,0.1972386493965535
rigl_seed0,0,rigl,22000,88,stage0.conv1,0,0.2999855324074074,0,0,27648,8294,0.0019722913750181022
rigl_seed0,0,rigl,22000,88,stage1.conv0,1,0.30000361689814814,0,0,55296,16589,0.003944820547404786
rigl_seed0,0,rigl,22000,88,stage1.conv1,1,0.30000361689814814,0,0,110592,33178,0.007889641094809573
rigl_seed0,0,rigl,22000,88,stage2.conv0,2,0.29999909577546297,0,0,221184,66355,0.015779044392250564
rigl_seed0,0,rigl,22000,88,stage2.conv1,2,0.29999909577546297,0,0,442368,132710,0.03155808878450113
rigl_seed0,0,rigl,22000,88,stage3.conv0,3,0.30000022605613424,0,0,884736,265421,0.06311641536637085
rigl_seed0,0,rigl,22000,88,stage3.conv1,3,0.30000022605613424,0,0,1769472,530842,0.1262328307327417
rigl_seed0,0,rigl,22000,88,stage4.conv0,4,0.3,0,0,2211840,663552,0.1577909195172428
rigl_seed0,0,rigl,22000,88,stage4.conv1,4,0.3,0,0,2764800,829440,0.1972386493965535
rigl_seed0,0,rigl,22000,88,stage5.conv0,5,0.3,0,0,2764800,829440,0.1972386493965535
rigl_seed0,0,rigl,22000,88,stage5.conv1,5,0.3,0,0,2764800,829440,0.1972386493965535
rigl_seed0,0,rigl,22250,89,stage0.conv1,0,0.2999855324074074,0,0,27648,8294,0.0019722913750181022
rigl_seed0,0,rigl,22250,89,stage1.conv0,1,0.30000361689814814,0,0,55296,16589,0.003944820547404786
rigl_seed0,0,rigl,22250,89,stage1.conv1,1,0.30000361689814814,0,0,110592,33178,0.007889641094809573
rigl_seed0,0,rigl,22250,89,stage2.conv0,2,0.29999909577546297,0,0,221184,66355,0.015779044392250564
rigl_seed0,0,rigl,22250,89,stage2.conv1,2,0.29999909577546297,0,0,442368,132710,0.03155808878450113
rigl_seed0,0,rigl,22250,89,stage3.conv0,3,0.30000022605613424,0,0,884736,265421,0.06311641536637085
rigl_seed0,0,rigl,22250,89,stage3.conv1,3,0.30000022605613424,0,0,1769472,530842,0.1262328307327417
rigl_seed0,0,rigl,22250,89,stage4.conv0,4,0.3,0,0,2211840,663552,0.1577909195172428
rigl_seed0,0,rigl,22250,89,stage4.conv1,4,0.3,0,0,2764800,829440,0.1972386493965535
rigl_seed0,0,rigl,22250,89,stage5.conv0,5,0.3,0,0,2764800,829440,0.1972386493965535
rigl_seed0,0,rigl,22250,89,stage5.conv1,5,0.3,0,0,2764800,829440,0.1972386493965535
rigl_seed0,0,rigl,22500,90,stage0.conv1,0,0.2999855324074074,0,0,27648,8294,0.0019722913750181022
rigl_seed0,0,rigl,22500,90,stage1.conv0,1,0.30000361689814814,0,0,55296,16589,0.003944820547404786
rigl_seed0,0,rigl,22500,90,stage1.conv1,1,0.30000361689814814,0,0,110592,33178,0.007889641094809573
rigl_seed0,0,rigl,22500,90,stage2.conv0,2,0.29999909577546297,0,0,221184,66355,0.015779044392250564
rigl_seed0,0,rigl,22500,90,stage2.conv1,2,0.29999909577546297,0,0,442368,132710,0.03155808878450113
rigl_seed0,0,rigl,22500,90,stage3.conv0,3,0.30000022605613424,0,0,884736,265421,0.06311641536637085
rigl_seed0,0,rigl,22500,90,stage3.conv1,3,0.30000022605613424,0,0,1769472,530842,0.1262328307327417
rigl_seed0,0,rigl,22500,90,stage4.conv0,4,0.3,0,0,2211840,663552,0.1577909195172428
rigl_seed0,0,rigl,22500,90,stage4.conv1,4,0.3,0,0,2764800,829440,0.1972386493965535
rigl_seed0,0,rigl,22500,90,stage5.conv0,5,0.3,0,0,2764800,829440,0.1972386493965535
rigl_seed0,0,rigl,22500,90,stage5.conv1,5,0.3,0,0,2764800,829440,0.1972386493965535
rigl_seed0,0,rigl,22750,91,stage0.conv1,0,0.2999855324074074,0,0,27648,8294,0.0019722913750181022
rigl_seed0,0,rigl,22750,91,stage1.conv0,1,0.30000361689814814,0,0,55296,16589,0.003944820547404786
rigl_seed0,0,rigl,22750,91,stage1.conv1,1,0.30000361689814814,0,0,110592,33178,0.007889641094809573
rigl_seed0,0,rigl,22750,91,stage2.conv0,2,0.29999909577546297,0,0,221184,66355,0.015779044392250564
rigl_seed0,0,rigl,22750,91,stage2.conv1,2,0.29999909577546297,0,0,442368,132710,0.03155808878450113
rigl_seed0,0,rigl,22750,91,stage3.conv0,3,0.30000022605613424,0,0,884736,265421,0.06311641536637085
rigl_seed0,0,rigl,22750,91,stage3.conv1,3,0.30000022605613424,0,0,1769472,530842,0.1262328307327417
rigl_seed0,0,rigl,22750,91,stage4.conv0,4,0.3,0,0,2211840,663552,0.1577909195172428
rigl_seed0,0,rigl,22750,91,stage4.conv1,4,0.3,0,0,2764800,829440,0.1972386493965535
rigl_seed0,0,rigl,22750,91,stage5.conv0,5,0.3,0,0,2764800,829440,0.1972386493965535
rigl_seed0,0,rigl,22750,91,stage5.conv1,5,0.3,0,0,2764800,829440,0.1972386493965535
rigl_seed0,0,rigl,23000,92,stage0.conv1,0,0.2999855324074074,0,0,27648,8294,0.0019722913750181022
rigl_seed0,0,rigl,23000,92,stage1.conv0,1,0.30000361689814814,0,0,55296,16589,0.003944820547404786
rigl_seed0,0,rigl,23000,92,stage1.conv1,1,0.30000361689814814,0,0,110592,33178,0.007889641094809573
rigl_seed0,0,rigl,23000,92,stage2.conv0,2,0.29999909577546297,0,0,221184,66355,0.015779044392250564
rigl_seed0,0,rigl,23000,92,stage2.conv1,2,0.29999909577546297,0,0,442368,132710,0.03155808878450113
rigl_seed0,0,rigl,23000,92,stage3.conv0,3,0.30000022605613424,0,0,884736,265421,0.06311641536637085
rigl_seed0,0,rigl,23000,92,stage3.conv1,3,0.30000022605613424,0,0,1769472,530842,0.1262328307327417
rigl_seed0,0,rigl,23000,92,stage4.conv0,4,0.3,0,0,2211840,663552,0.1577909195172428
rigl_seed0,0,rigl,23000,92,stage4.conv1,4,0.3,0,0,2764800,829440,0.1972386493965535
rigl_seed0,0,rigl,23000,92,stage5.conv0,5,0.3,0,0,2764800,829440,0.1972386493965535
rigl_seed0,0,rigl,23000,92,stage5.conv1,5,0.3,0,0,2764800,829440,0.1972386493965535
rigl_seed0,0,rigl,23250,93,stage0.conv1,0,0.2999855324074074,0,0,27648,8294,0.0019722913750181022
rigl_seed0,0,rigl,23250,93,stage1.conv0,1,0.30000361689814814,0,0,55296,16589,0.003944820547404786
rigl_seed0,0,rigl,23250,93,stage1.conv1,1,0.30000361689814814,0,0,110592,33178,0.007889641094809573
rigl_seed0,0,rigl,23250,93,stage2.conv0,2,0.29999909577546297,0,0,221184,66355,0.015779044392250564
rigl_seed0,0,rigl,23250,93,stage2.conv1,2,0.29999909577546297,0,0,442368,132710,0.03155808878450113
rigl_seed0,0,rigl,23250,93,stage3.conv0,3,0.30000022605613424,0,0,884736,265421,0.06311641536637085
rigl_seed0,0,rigl,23250,93,stage3.conv1,3,0.30000022605613424,0,0,1769472,530842,0.1262328307327417
rigl_seed0,0,rigl,23250,93,stage4.conv0,4,0.3,0,0,2211840,663552,0.1577909195172428
rigl_seed0,0,rigl,23250,93,stage4.conv1,4,0.3,0,0,2764800,829440,0.1972386493965535
rigl_seed0,0,rigl,23250,93,stage5.conv0,5,0.3,0,0,2764800,829440,0.1972386493965535
rigl_seed0,0,rigl,23250,93,stage5.conv1,5,0.3,0,0,2764800,829440,0.1972386493965535
rigl_seed0,0,rigl,23500,94,stage0.conv1,0,0.2999855324074074,0,0,27648,8294,0.0019722913750181022
rigl_seed0,0,rigl,23500,94,stage1.conv0,1,0.30000361689814814,0,0,55296,16589,0.003944820547404786
rigl_seed0,0,rigl,23500,94,stage1.conv1,1,0.30000361689814814,0,0,110592,33178,0.007889641094809573
rigl_seed0,0,rigl,23500,94,stage2.conv0,2,0.29999909577546297,0,0,221184,66355,0.015779044392250564
rigl_seed0,0,rigl,23500,94,stage2.conv1,2,0.29999909577546297,0,0,442368,132710,0.03155808878450113
rigl_seed0,0,rigl,23500,94,stage3.conv0,3,0.30000022605613424,0,0,884736,265421,0.06311641536637085
rigl_seed0,0,rigl,23500,94,stage3.conv1,3,0.30000022605613424,0,0,1769472,530842,0.1262328307327417
rigl_seed0,0,rigl,23500,94,stage4.conv0,4,0.3,0,0,2211840,663552,0.1577909195172428
rigl_seed0,0,rigl,23500,94,stage4.conv1,4,0.3,0,0,2764800,829440,0.1972386493965535
rigl_seed0,0,rigl,23500,94,stage5.conv0,5,0.3,0,0,2764800,829440,0.1972386493965535
rigl_seed0,0,rigl,23500,94,stage5.conv1,5,0.3,0,0,2764800,829440,0.1972386493965535
rigl_seed0,0,rigl,23750,95,stage0.conv1,0,0.2999855324074074,0,0,27648,8294,0.0019722913750181022
rigl_seed0,0,rigl,23750,95,stage1.conv0,1,0.30000361689814814,0,0,55296,16589,0.003944820547404786
rigl_seed0,0,rigl,23750,95,stage1.conv1,1,0.30000361689814814,0,0,110592,33178,0.007889641094809573
rigl_seed0,0,rigl,23750,95,stage2.conv0,2,0.29999909577546297,0,0,221184,66355,0.015779044392250564
rigl_seed0,0,rigl,23750,95,stage2.conv1,2,0.29999909577546297,0,0,442368,132710,0.03155808878450113
rigl_seed0,0,rigl,23750,95,stage3.conv0,3,0.30000022605613424,0,0,884736,265421,0.06311641536637085
rigl_seed0,0,rigl,23750,95,stage3.conv1,3,0.30000022605613424,0,0,1769472,530842,0.1262328307327417
rigl_seed0,0,rigl,23750,95,stage4.conv0,4,0.3,0,0,2211840,663552,0.1577909195172428
rigl_seed0,0,rigl,23750,95,stage4.conv1,4,0.3,0,0,2764800,829440,0.1972386493965535
rigl_seed0,0,rigl,23750,95,stage5.conv0,5,0.3,0,0,2764800,829440,0.1972386493965535
rigl_seed0,0,rigl,23750,95,stage5.conv1,5,0.3,0,0,2764800,829440,0.1972386493965535
rigl_seed0,0,rigl,24000,96,stage0.conv1,0,0.2999855324074074,0,0,27648,8294,0.0019722913750181022
rigl_seed0,0,rigl,24000,96,stage1.conv0,1,0.30000361689814814,0,0,55296,16589,0.003944820547404786
rigl_seed0,0,rigl,24000,96,stage1.conv1,1,0.30000361689814814,0,0,110592,33178,0.007889641094809573
rigl_seed0,0,rigl,24000,96,stage2.conv0,2,0.29999909577546297,0,0,221184,66355,0.015779044392250564
rigl_seed0,0,rigl,24000,96,stage2.conv1,2,0.29999909577546297,0,0,442368,132710,0.03155808878450113
rigl_seed0,0,rigl,24000,96,stage3.conv0,3,0.30000022605613424,0,0,884736,265421,0.06311641536637085
rigl_seed0,0,rigl,24000,96,stage3.conv1,3,0.30000022605613424,0,0,1769472,530842,0.1262328307327417
rigl_seed0,0,rigl,24000,96,stage4.conv0,4,0.3,0,0,2211840,663552,0.1577909195172428
rigl_seed0,0,rigl,24000,96,stage4.conv1,4,0.3,0,0,2764800,829440,0.1972386493965535
rigl_seed0,0,rigl,24000,96,stage5.conv0,5,0.3,0,0,2764800,829440,0.1972386493965535
rigl_seed0,0,rigl,24000,96,stage5.conv1,5,0.3,0,0,2764800,829440,0.1972386493965535
rigl_seed0,0,rigl,24250,97,stage0.conv1,0,0.2999855324074074,0,0,27648,8294,0.0019722913750181022
rigl_seed0,0,rigl,24250,97,stage1.conv0,1,0.30000361689814814,0,0,55296,16589,0.003944820547404786
rigl_seed0,0,rigl,24250,97,stage1.conv1,1,0.30000361689814814,0,0,110592,33178,0.007889641094809573
rigl_seed0,0,rigl,24250,97,stage2.conv0,2,0.29999909577546297,0,0,221184,66355,0.015779044392250564
rigl_seed0,0,rigl,24250,97,stage2.conv1,2,0.29999909577546297,0,0,442368,132710,0.03155808878450113
rigl_seed0,0,rigl,24250,97,stage3.conv0,3,0.30000022605613424,0,0,884736,265421,0.06311641536637085
rigl_seed0,0,rigl,24250,97,stage3.conv1,3,0.30000022605613424,0,0,1769472,530842,0.1262328307327417
rigl_seed0,0,rigl,24250,97,stage4.conv0,4,0.3,0,0,2211840,663552,0.1577909195172428
rigl_seed0,0,rigl,24250,97,stage4.conv1,4,0.3,0,0,2764800,829440,0.1972386493965535
rigl_seed0,0,rigl,24250,97,stage5.conv0,5,0.3,0,0,2764800,829440,0.1972386493965535
rigl_seed0,0,rigl,24250,97,stage5.conv1,5,0.3,0,0,2764800,829440,0.1972386493965535
rigl_seed0,0,rigl,24500,98,stage0.conv1,0,0.2999855324074074,0,0,27648,8294,0.0019722913750181022
rigl_seed0,0,rigl,24500,98,stage1.conv0,1,0.30000361689814814,0,0,55296,16589,0.003944820547404786
rigl_seed0,0,rigl,24500,98,stage1.conv1,1,0.30000361689814814,0,0,110592,33178,0.007889641094809573
rigl_seed0,0,rigl,24500,98,stage2.conv0,2,0.29999909577546297,0,0,221184,66355,0.015779044392250564
rigl_seed0,0,rigl,24500,98,stage2.conv1,2,0.29999909577546297,0,0,442368,132710,0.03155808878450113
rigl_seed0,0,rigl,24500,98,stage3.conv0,3,0.30000022605613424,0,0,884736,265421,0.06311641536637085
rigl_seed0,0,rigl,24500,98,stage3.conv1,3,0.30000022605613424,0,0,1769472,530842,0.1262328307327417
rigl_seed0,0,rigl,24500,98,stage4.conv0,4,0.3,0,0,2211840,663552,0.1577909195172428
rigl_seed0,0,rigl,24500,98,stage4.conv1,4,0.3,0,0,2764800,829440,0.1972386493965535
rigl_seed0,0,rigl,24500,98,stage5.conv0,5,0.3,0,0,2764800,829440,0.1972386493965535
rigl_seed0,0,rigl,24500,98,stage5.conv1,5,0.3,0,0,2764800,829440,0.1972386493965535
rigl_seed0,0,rigl,24750,99,stage0.conv1,0,0.2999855324074074,0,0,27648,8294,0.0019722913750181022
rigl_seed0,0,rigl,24750,99,stage1.conv0,1,0.30000361689814814,0,0,55296,16589,0.003944820547404786
rigl_seed0,0,rigl,24750,99,stage1.conv1,1,0.30000361689814814,0,0,110592,33178,0.007889641094809573
rigl_seed0,0,rigl,24750,99,stage2.conv0,2,0.29999909577546297,0,0,221184,66355,0.015779044392250564
rigl_seed0,0,rigl,24750,99,stage2.conv1,2,0.29999909577546297,0,0,442368,132710,0.03155808878450113
rigl_seed0,0,rigl,24750,99,stage3.conv0,3,0.30000022605613424,0,0,884736,265421,0.06311641536637085
rigl_seed0,0,rigl,24750,99,stage3.conv1,3,0.30000022605613424,0,0,1769472,530842,0.1262328307327417
rigl_seed0,0,rigl,24750,99,stage4.conv0,4,0.3,0,0,2211840,663552,0.1577909195172428
rigl_seed0,0,rigl,24750,99,stage4.conv1,4,0.3,0,0,2764800,829440,0.1972386493965535
rigl_seed0,0,rigl,24750,99,stage5.conv0,5,0.3,0,0,2764800,829440,0.1972386493965535
rigl_seed0,0,rigl,24750,99,stage5.conv1,5,0.3,0,0,2764800,829440,0.1972386493965535
