run_id,seed,arm,step,epoch,layer_name,stage,density,n_pruned,n_regrown,n_weights,n_live,live_budget_share
oneshot_prune_seed0,0,oneshot_prune,0,0,stage0.conv1,0,1.0,0,0,27648,27648,0.0019723865877712033
oneshot_prune_seed0,0,oneshot_prune,0,0,stage1.conv0,1,1.0,0,0,55296,55296,0.0039447731755424065
oneshot_prune_seed0,0,oneshot_prune,0,0,stage1.conv1,1,1.0,0,0,110592,110592,0.007889546351084813
oneshot_prune_seed0,0,oneshot_prune,0,0,stage2.conv0,2,1.0,0,0,221184,221184,0.015779092702169626
oneshot_prune_seed0,0,oneshot_prune,0,0,stage2.conv1,2,1.0,0,0,442368,442368,0.03155818540433925
oneshot_prune_seed0,0,oneshot_prune,0,0,stage3.conv0,3,1.0,0,0,884736,884736,0.0631163708086785
oneshot_prune_seed0,0,oneshot_prune,0,0,stage3.conv1,3,1.0,0,0,1769472,1769472,0.126232741617357
oneshot_prune_seed0,0,oneshot_prune,0,0,stage4.conv0,4,1.0,0,0,2211840,2211840,0.15779092702169625
oneshot_prune_seed0,0,oneshot_prune,0,0,stage4.conv1,4,1.0,0,0,2764800,2764800,0.19723865877712032
oneshot_prune_seed0,0,oneshot_prune,0,0,stage5.conv0,5,1.0,0,0,2764800,2764800,0.19723865877712032
oneshot_prune_seed0,0,oneshot_prune,0,0,stage5.conv1,5,1.0,0,0,2764800,2764800,0.19723865877712032
oneshot_prune_seed0,0,oneshot_prune,250,1,stage0.conv1,0,1.0,0,0,27648,27648,0.0019723865877712033
oneshot_prune_seed0,0,oneshot_prune,250,1,stage1.conv0,1,1.0,0,0,55296,55296,0.0039447731755424065
oneshot_prune_seed0,0,oneshot_prune,250,1,stage1.conv1,1,1.0,0,0,110592,110592,0.007889546351084813
oneshot_prune_seed0,0,oneshot_prune,250,1,stage2.conv0,2,1.0,0,0,221184,221184,0.015779092702169626
oneshot_prune_seed0,0,oneshot_prune,250,1,stage2.conv1,2,1.0,0,0,442368,442368,0.03155818540433925
oneshot_prune_seed0,0,oneshot_prune,250,1,stage3.conv0,3,1.0,0,0,884736,884736,0.0631163708086785
oneshot_prune_seed0,0,oneshot_prune,250,1,stage3.conv1,3,1.0,0,0,1769472,1769472,0.126232741617357
oneshot_prune_seed0,0,oneshot_prune,250,1,stage4.conv0,4,1.0,0,0,2211840,2211840,0.15779092702169625
oneshot_prune_seed0,0,oneshot_prune,250,1,stage4.conv1,4,1.0,0,0,2764800,2764800,0.19723865877712032
oneshot_prune_seed0,0,oneshot_prune,250,1,stage5.conv0,5,1.0,0,0,2764800,2764800,0.19723865877712032
oneshot_prune_seed0,0,oneshot_prune,250,1,stage5.conv1,5,1.0,0,0,2764800,2764800,0.19723865877712032
oneshot_prune_seed0,0,oneshot_prune,500,2,stage0.conv1,0,1.0,0,0,27648,27648,0.0019723865877712033
oneshot_prune_seed0,0,oneshot_prune,500,2,stage1.conv0,1,1.0,0,0,55296,55296,0.0039447731755424065
oneshot_prune_seed0,0,oneshot_prune,500,2,stage1.conv1,1,1.0,0,0,110592,110592,0.007889546351084813
oneshot_prune_seed0,0,oneshot_prune,500,2,stage2.conv0,2,1.0,0,0,221184,221184,0.015779092702169626
oneshot_prune_seed0,0,oneshot_prune,500,2,stage2.conv1,2,1.0,0,0,442368,442368,0.03155818540433925
oneshot_prune_seed0,0,oneshot_prune,500,2,stage3.conv0,3,1.0,0,0,884736,884736,0.0631163708086785
oneshot_prune_seed0,0,oneshot_prune,500,2,stage3.conv1,3,1.0,0,0,1769472,1769472,0.126232741617357
oneshot_prune_seed0,0,oneshot_prune,500,2,stage4.conv0,4,1.0,0,0,2211840,2211840,0.15779092702169625
oneshot_prune_seed0,0,oneshot_prune,500,2,stage4.conv1,4,1.0,0,0,2764800,2764800,0.19723865877712032
oneshot_prune_seed0,0,oneshot_prune,500,2,stage5.conv0,5,1.0,0,0,2764800,2764800,0.19723865877712032
oneshot_prune_seed0,0,oneshot_prune,500,2,stage5.conv1,5,1.0,0,0,2764800,2764800,0.19723865877712032
oneshot_prune_seed0,0,oneshot_prune,750,3,stage0.conv1,0,1.0,0,0,27648,27648,0.0019723865877712033
oneshot_prune_seed0,0,oneshot_prune,750,3,stage1.conv0,1,1.0,0,0,55296,55296,0.0039447731755424065
oneshot_prune_seed0,0,oneshot_prune,750,3,stage1.conv1,1,1.0,0,0,110592,110592,0.007889546351084813
oneshot_prune_seed0,0,oneshot_prune,750,3,stage2.conv0,2,1.0,0,0,221184,221184,0.015779092702169626
oneshot_prune_seed0,0,oneshot_prune,750,3,stage2.conv1,2,1.0,0,0,442368,442368,0.03155818540433925
oneshot_prune_seed0,0,oneshot_prune,750,3,stage3.conv0,3,1.0,0,0,884736,884736,0.0631163708086785
oneshot_prune_seed0,0,oneshot_prune,750,3,stage3.conv1,3,1.0,0,0,1769472,1769472,0.126232741617357
oneshot_prune_seed0,0,oneshot_prune,750,3,stage4.conv0,4,1.0,0,0,2211840,2211840,0.15779092702169625
oneshot_prune_seed0,0,oneshot_prune,750,3,stage4.conv1,4,1.0,0,0,2764800,2764800,0.19723865877712032
oneshot_prune_seed0,0,oneshot_prune,750,3,stage5.conv0,5,1.0,0,0,2764800,2764800,0.19723865877712032
oneshot_prune_seed0,0,oneshot_prune,750,3,stage5.conv1,5,1.0,0,0,2764800,2764800,0.19723865877712032
oneshot_prune_seed0,0,oneshot_prune,1000,4,stage0.conv1,0,1.0,0,0,27648,27648,0.0019723865877712033
oneshot_prune_seed0,0,oneshot_prune,1000,4,stage1.conv0,1,1.0,0,0,55296,55296,0.0039447731755424065
oneshot_prune_seed0,0,oneshot_prune,1000,4,stage1.conv1,1,1.0,0,0,110592,110592,0.007889546351084813
oneshot_prune_seed0,0,oneshot_prune,1000,4,stage2.conv0,2,1.0,0,0,221184,221184,0.015779092702169626
oneshot_prune_seed0,0,oneshot_prune,1000,4,stage2.conv1,2,1.0,0,0,442368,442368,0.03155818540433925
oneshot_prune_seed0,0,oneshot_prune,1000,4,stage3.conv0,3,1.0,0,0,884736,884736,0.0631163708086785
oneshot_prune_seed0,0,oneshot_prune,1000,4,stage3.conv1,3,1.0,0,0,1769472,1769472,0.126232741617357
oneshot_prune_seed0,0,oneshot_prune,1000,4,stage4.conv0,4,1.0,0,0,2211840,2211840,0.15779092702169625
oneshot_prune_seed0,0,oneshot_prune,1000,4,stage4.conv1,4,1.0,0,0,2764800,2764800,0.19723865877712032
oneshot_prune_seed0,0,oneshot_prune,1000,4,stage5.conv0,5,1.0,0,0,2764800,2764800,0.19723865877712032
oneshot_prune_seed0,0,oneshot_prune,1000,4,stage5.conv1,5,1.0,0,0,2764800,2764800,0.19723865877712032
oneshot_prune_seed0,0,oneshot_prune,1250,5,stage0.conv1,0,1.0,0,0,27648,27648,0.0019723865877712033
oneshot_prune_seed0,0,oneshot_prune,1250,5,stage1.conv0,1,1.0,0,0,55296,55296,0.0039447731755424065
oneshot_prune_seed0,0,oneshot_prune,1250,5,stage1.conv1,1,1.0,0,0,110592,110592,0.007889546351084813
oneshot_prune_seed0,0,oneshot_prune,1250,5,stage2.conv0,2,1.0,0,0,221184,221184,0.015779092702169626
oneshot_prune_seed0,0,oneshot_prune,1250,5,stage2.conv1,2,1.0,0,0,442368,442368,0.03155818540433925
oneshot_prune_seed0,0,oneshot_prune,1250,5,stage3.conv0,3,1.0,0,0,884736,884736,0.0631163708086785
oneshot_prune_seed0,0,oneshot_prune,1250,5,stage3.conv1,3,1.0,0,0,1769472,1769472,0.126232741617357
oneshot_prune_seed0,0,oneshot_prune,1250,5,stage4.conv0,4,1.0,0,0,2211840,2211840,0.15779092702169625
oneshot_prune_seed0,0,oneshot_prune,1250,5,stage4.conv1,4,1.0,0,0,2764800,2764800,0.19723865877712032
oneshot_prune_seed0,0,oneshot_prune,1250,5,stage5.conv0,5,1.0,0,0,2764800,2764800,0.19723865877712032
oneshot_prune_seed0,0,oneshot_prune,1250,5,stage5.conv1,5,1.0,0,0,2764800,2764800,0.19723865877712032
oneshot_prune_seed0,0,oneshot_prune,1500,6,stage0.conv1,0,1.0,0,0,27648,27648,0.0019723865877712033
oneshot_prune_seed0,0,oneshot_prune,1500,6,stage1.conv0,1,1.0,0,0,55296,55296,0.0039447731755424065
oneshot_prune_seed0,0,oneshot_prune,1500,6,stage1.conv1,1,1.0,0,0,110592,110592,0.007889546351084813
oneshot_prune_seed0,0,oneshot_prune,1500,6,stage2.conv0,2,1.0,0,0,221184,221184,0.015779092702169626
oneshot_prune_seed0,0,oneshot_prune,1500,6,stage2.conv1,2,1.0,0,0,442368,442368,0.03155818540433925
oneshot_prune_seed0,0,oneshot_prune,1500,6,stage3.conv0,3,1.0,0,0,884736,884736,0.0631163708086785
oneshot_prune_seed0,0,oneshot_prune,1500,6,stage3.conv1,3,1.0,0,0,1769472,1769472,0.126232741617357
oneshot_prune_seed0,0,oneshot_prune,1500,6,stage4.conv0,4,1.0,0,0,2211840,2211840,0.15779092702169625
oneshot_prune_seed0,0,oneshot_prune,1500,6,stage4.conv1,4,1.0,0,0,2764800,2764800,0.19723865877712032
oneshot_prune_seed0,0,oneshot_prune,1500,6,stage5.conv0,5,1.0,0,0,2764800,2764800,0.19723865877712032
oneshot_prune_seed0,0,oneshot_prune,1500,6,stage5.conv1,5,1.0,0,0,2764800,2764800,0.19723865877712032
oneshot_prune_seed0,0,oneshot_prune,1750,7,stage0.conv1,0,1.0,0,0,27648,27648,0.0019723865877712033
oneshot_prune_seed0,0,oneshot_prune,1750,7,stage1.conv0,1,1.0,0,0,55296,55296,0.0039447731755424065
oneshot_prune_seed0,0,oneshot_prune,1750,7,stage1.conv1,1,1.0,0,0,110592,110592,0.007889546351084813
oneshot_prune_seed0,0,oneshot_prune,1750,7,stage2.conv0,2,1.0,0,0,221184,221184,0.015779092702169626
oneshot_prune_seed0,0,oneshot_prune,1750,7,stage2.conv1,2,1.0,0,0,442368,442368,0.03155818540433925
oneshot_prune_seed0,0,oneshot_prune,1750,7,stage3.conv0,3,1.0,0,0,884736,884736,0.0631163708086785
oneshot_prune_seed0,0,oneshot_prune,1750,7,stage3.conv1,3,1.0,0,0,1769472,1769472,0.126232741617357
oneshot_prune_seed0,0,oneshot_prune,1750,7,stage4.conv0,4,1.0,0,0,2211840,2211840,0.15779092702169625
oneshot_prune_seed0,0,oneshot_prune,1750,7,stage4.conv1,4,1.0,0,0,2764800,2764800,0.19723865877712032
oneshot_prune_seed0,0,oneshot_prune,1750,7,stage5.conv0,5,1.0,0,0,2764800,2764800,0.19723865877712032
oneshot_prune_seed0,0,oneshot_prune,1750,7,stage5.conv1,5,1.0,0,0,2764800,2764800,0.19723865877712032
oneshot_prune_seed0,0,oneshot_prune,2000,8,stage0.conv1,0,1.0,0,0,27648,27648,0.0019723865877712033
oneshot_prune_seed0,0,oneshot_prune,2000,8,stage1.conv0,1,1.0,0,0,55296,55296,0.0039447731755424065
oneshot_prune_seed0,0,oneshot_prune,2000,8,stage1.conv1,1,1.0,0,0,110592,110592,0.007889546351084813
oneshot_prune_seed0,0,oneshot_prune,2000,8,stage2.conv0,2,1.0,0,0,221184,221184,0.015779092702169626
oneshot_prune_seed0,0,oneshot_prune,2000,8,stage2.conv1,2,1.0,0,0,442368,442368,0.03155818540433925
oneshot_prune_seed0,0,oneshot_prune,2000,8,stage3.conv0,3,1.0,0,0,884736,884736,0.0631163708086785
oneshot_prune_seed0,0,oneshot_prune,2000,8,stage3.conv1,3,1.0,0,0,1769472,1769472,0.126232741617357
oneshot_prune_seed0,0,oneshot_prune,2000,8,stage4.conv0,4,1.0,0,0,2211840,2211840,0.15779092702169625
oneshot_prune_seed0,0,oneshot_prune,2000,8,stage4.conv1,4,1.0,0,0,2764800,2764800,0.19723865877712032
oneshot_prune_seed0,0,oneshot_prune,2000,8,stage5.conv0,5,1.0,0,0,2764800,2764800,0.19723865877712032
oneshot_prune_seed0,0,oneshot_prune,2000,8,stage5.conv1,5,1.0,0,0,2764800,2764800,0.19723865877712032
oneshot_prune_seed0,0,oneshot_prune,2250,9,stage0.conv1,0,1.0,0,0,27648,27648,0.0019723865877712033
oneshot_prune_seed0,0,oneshot_prune,2250,9,stage1.conv0,1,1.0,0,0,55296,55296,0.0039447731755424065
oneshot_prune_seed0,0,oneshot_prune,2250,9,stage1.conv1,1,1.0,0,0,110592,110592,0.007889546351084813
oneshot_prune_seed0,0,oneshot_prune,2250,9,stage2.conv0,2,1.0,0,0,221184,221184,0.015779092702169626
oneshot_prune_seed0,0,oneshot_prune,2250,9,stage2.conv1,2,1.0,0,0,442368,442368,0.03155818540433925
oneshot_prune_seed0,0,oneshot_prune,2250,9,stage3.conv0,3,1.0,0,0,884736,884736,0.0631163708086785
oneshot_prune_seed0,0,oneshot_prune,2250,9,stage3.conv1,3,1.0,0,0,1769472,1769472,0.126232741617357
oneshot_prune_seed0,0,oneshot_prune,2250,9,stage4.conv0,4,1.0,0,0,2211840,2211840,0.15779092702169625
oneshot_prune_seed0,0,oneshot_prune,2250,9,stage4.conv1,4,1.0,0,0,2764800,2764800,0.19723865877712032
oneshot_prune_seed0,0,oneshot_prune,2250,9,stage5.conv0,5,1.0,0,0,2764800,2764800,0.19723865877712032
oneshot_prune_seed0,0,oneshot_prune,2250,9,stage5.conv1,5,1.0,0,0,2764800,2764800,0.19723865877712032
oneshot_prune_seed0,0,oneshot_prune,2500,10,stage0.conv1,0,1.0,0,0,27648,27648,0.0019723865877712033
oneshot_prune_seed0,0,oneshot_prune,2500,10,stage1.conv0,1,1.0,0,0,55296,55296,0.0039447731755424065
oneshot_prune_seed0,0,oneshot_prune,2500,10,stage1.conv1,1,1.0,0,0,110592,110592,0.007889546351084813
oneshot_prune_seed0,0,oneshot_prune,2500,10,stage2.conv0,2,1.0,0,0,221184,221184,0.015779092702169626
oneshot_prune_seed0,0,oneshot_prune,2500,10,stage2.conv1,2,1.0,0,0,442368,442368,0.03155818540433925
oneshot_prune_seed0,0,oneshot_prune,2500,10,stage3.conv0,3,1.0,0,0,884736,884736,0.0631163708086785
oneshot_prune_seed0,0,oneshot_prune,2500,10,stage3.conv1,3,1.0,0,0,1769472,1769472,0.126232741617357
oneshot_prune_seed0,0,oneshot_prune,2500,10,stage4.conv0,4,1.0,0,0,2211840,2211840,0.15779092702169625
oneshot_prune_seed0,0,oneshot_prune,2500,10,stage4.conv1,4,1.0,0,0,2764800,2764800,0.19723865877712032
oneshot_prune_seed0,0,oneshot_prune,2500,10,stage5.conv0,5,1.0,0,0,2764800,2764800,0.19723865877712032
oneshot_prune_seed0,0,oneshot_prune,2500,10,stage5.conv1,5,1.0,0,0,2764800,2764800,0.19723865877712032
oneshot_prune_seed0,0,oneshot_prune,2750,11,stage0.conv1,0,1.0,0,0,27648,27648,0.0019723865877712033
oneshot_prune_seed0,0,oneshot_prune,2750,11,stage1.conv0,1,1.0,0,0,55296,55296,0.0039447731755424065
oneshot_prune_seed0,0,oneshot_prune,2750,11,stage1.conv1,1,1.0,0,0,110592,110592,0.007889546351084813
oneshot_prune_seed0,0,oneshot_prune,2750,11,stage2.conv0,2,1.0,0,0,221184,221184,0.015779092702169626
oneshot_prune_seed0,0,oneshot_prune,2750,11,stage2.conv1,2,1.0,0,0,442368,442368,0.03155818540433925
oneshot_prune_seed0,0,oneshot_prune,2750,11,stage3.conv0,3,1.0,0,0,884736,884736,0.0631163708086785
oneshot_prune_seed0,0,oneshot_prune,2750,11,stage3.conv1,3,1.0,0,0,1769472,1769472,0.126232741617357
oneshot_prune_seed0,0,oneshot_prune,2750,11,stage4.conv0,4,1.0,0,0,2211840,2211840,0.15779092702169625
oneshot_prune_seed0,0,oneshot_prune,2750,11,stage4.conv1,4,1.0,0,0,2764800,2764800,0.19723865877712032
oneshot_prune_seed0,0,oneshot_prune,2750,11,stage5.conv0,5,1.0,0,0,2764800,2764800,0.19723865877712032
oneshot_prune_seed0,0,oneshot_prune,2750,11,stage5.conv1,5,1.0,0,0,2764800,2764800,0.19723865877712032
oneshot_prune_seed0,0,oneshot_prune,3000,12,stage0.conv1,0,1.0,0,0,27648,27648,0.0019723865877712033
oneshot_prune_seed0,0,oneshot_prune,3000,12,stage1.conv0,1,1.0,0,0,55296,55296,0.0039447731755424065
oneshot_prune_seed0,0,oneshot_prune,3000,12,stage1.conv1,1,1.0,0,0,110592,110592,0.007889546351084813
oneshot_prune_seed0,0,oneshot_prune,3000,12,stage2.conv0,2,1.0,0,0,221184,221184,0.015779092702169626
oneshot_prune_seed0,0,oneshot_prune,3000,12,stage2.conv1,2,1.0,0,0,442368,442368,0.03155818540433925
oneshot_prune_seed0,0,oneshot_prune,3000,12,stage3.conv0,3,1.0,0,0,884736,884736,0.0631163708086785
oneshot_prune_seed0,0,oneshot_prune,3000,12,stage3.conv1,3,1.0,0,0,1769472,1769472,0.126232741617357
oneshot_prune_seed0,0,oneshot_prune,3000,12,stage4.conv0,4,1.0,0,0,2211840,2211840,0.15779092702169625
oneshot_prune_seed0,0,oneshot_prune,3000,12,stage4.conv1,4,1.0,0,0,2764800,2764800,0.19723865877712032
oneshot_prune_seed0,0,oneshot_prune,3000,12,stage5.conv0,5,1.0,0,0,2764800,2764800,0.19723865877712032
oneshot_prune_seed0,0,oneshot_prune,3000,12,stage5.conv1,5,1.0,0,0,2764800,2764800,0.19723865877712032
oneshot_prune_seed0,0,oneshot_prune,3250,13,stage0.conv1,0,1.0,0,0,27648,27648,0.0019723865877712033
oneshot_prune_seed0,0,oneshot_prune,3250,13,stage1.conv0,1,1.0,0,0,55296,55296,0.0039447731755424065
oneshot_prune_seed0,0,oneshot_prune,3250,13,stage1.conv1,1,1.0,0,0,110592,110592,0.007889546351084813
oneshot_prune_seed0,0,oneshot_prune,3250,13,stage2.conv0,2,1.0,0,0,221184,221184,0.015779092702169626
oneshot_prune_seed0,0,oneshot_prune,3250,13,stage2.conv1,2,1.0,0,0,442368,442368,0.03155818540433925
oneshot_prune_seed0,0,oneshot_prune,3250,13,stage3.conv0,3,1.0,0,0,884736,884736,0.0631163708086785
oneshot_prune_seed0,0,oneshot_prune,3250,13,stage3.conv1,3,1.0,0,0,1769472,1769472,0.126232741617357
oneshot_prune_seed0,0,oneshot_prune,3250,13,stage4.conv0,4,1.0,0,0,2211840,2211840,0.15779092702169625
oneshot_prune_seed0,0,oneshot_prune,3250,13,stage4.conv1,4,1.0,0,0,2764800,2764800,0.19723865877712032
oneshot_prune_seed0,0,oneshot_prune,3250,13,stage5.conv0,5,1.0,0,0,2764800,2764800,0.19723865877712032
oneshot_prune_seed0,0,oneshot_prune,3250,13,stage5.conv1,5,1.0,0,0,2764800,2764800,0.19723865877712032
oneshot_prune_seed0,0,oneshot_prune,3500,14,stage0.conv1,0,1.0,0,0,27648,27648,0.0019723865877712033
oneshot_prune_seed0,0,oneshot_prune,3500,14,stage1.conv0,1,1.0,0,0,55296,55296,0.0039447731755424065
oneshot_prune_seed0,0,oneshot_prune,3500,14,stage1.conv1,1,1.0,0,0,110592,110592,0.007889546351084813
oneshot_prune_seed0,0,oneshot_prune,3500,14,stage2.conv0,2,1.0,0,0,221184,221184,0.015779092702169626
oneshot_prune_seed0,0,oneshot_prune,3500,14,stage2.conv1,2,1.0,0,0,442368,442368,0.03155818540433925
oneshot_prune_seed0,0,oneshot_prune,3500,14,stage3.conv0,3,1.0,0,0,884736,884736,0.0631163708086785
oneshot_prune_seed0,0,oneshot_prune,3500,14,stage3.conv1,3,1.0,0,0,1769472,1769472,0.126232741617357
oneshot_prune_seed0,0,oneshot_prune,3500,14,stage4.conv0,4,1.0,0,0,2211840,2211840,0.15779092702169625
oneshot_prune_seed0,0,oneshot_prune,3500,14,stage4.conv1,4,1.0,0,0,2764800,2764800,0.19723865877712032
oneshot_prune_seed0,0,oneshot_prune,3500,14,stage5.conv0,5,1.0,0,0,2764800,2764800,0.19723865877712032
oneshot_prune_seed0,0,oneshot_prune,3500,14,stage5.conv1,5,1.0,0,0,2764800,2764800,0.19723865877712032
oneshot_prune_seed0,0,oneshot_prune,3750,15,stage0.conv1,0,1.0,0,0,27648,27648,0.0019723865877712033
oneshot_prune_seed0,0,oneshot_prune,3750,15,stage1.conv0,1,1.0,0,0,55296,55296,0.0039447731755424065
oneshot_prune_seed0,0,oneshot_prune,3750,15,stage1.conv1,1,1.0,0,0,110592,110592,0.007889546351084813
oneshot_prune_seed0,0,oneshot_prune,3750,15,stage2.conv0,2,1.0,0,0,221184,221184,0.015779092702169626
oneshot_prune_seed0,0,oneshot_prune,3750,15,stage2.conv1,2,1.0,0,0,442368,442368,0.03155818540433925
oneshot_prune_seed0,0,oneshot_prune,3750,15,stage3.conv0,3,1.0,0,0,884736,884736,0.0631163708086785
oneshot_prune_seed0,0,oneshot_prune,3750,15,stage3.conv1,3,1.0,0,0,1769472,1769472,0.126232741617357
oneshot_prune_seed0,0,oneshot_prune,3750,15,stage4.conv0,4,1.0,0,0,2211840,2211840,0.15779092702169625
oneshot_prune_seed0,0,oneshot_prune,3750,15,stage4.conv1,4,1.0,0,0,2764800,2764800,0.19723865877712032
oneshot_prune_seed0,0,oneshot_prune,3750,15,stage5.conv0,5,1.0,0,0,2764800,2764800,0.19723865877712032
oneshot_prune_seed0,0,oneshot_prune,3750,15,stage5.conv1,5,1.0,0,0,2764800,2764800,0.19723865877712032
oneshot_prune_seed0,0,oneshot_prune,4000,16,stage0.conv1,0,1.0,0,0,27648,27648,0.0019723865877712033
oneshot_prune_seed0,0,oneshot_prune,4000,16,stage1.conv0,1,1.0,0,0,55296,55296,0.0039447731755424065
oneshot_prune_seed0,0,oneshot_prune,4000,16,stage1.conv1,1,1.0,0,0,110592,110592,0.007889546351084813
oneshot_prune_seed0,0,oneshot_prune,4000,16,stage2.conv0,2,1.0,0,0,221184,221184,0.015779092702169626
oneshot_prune_seed0,0,oneshot_prune,4000,16,stage2.conv1,2,1.0,0,0,442368,442368,0.03155818540433925
oneshot_prune_seed0,0,oneshot_prune,4000,16,stage3.conv0,3,1.0,0,0,884736,884736,0.0631163708086785
oneshot_prune_seed0,0,oneshot_prune,4000,16,stage3.conv1,3,1.0,0,0,1769472,1769472,0.126232741617357
oneshot_prune_seed0,0,oneshot_prune,4000,16,stage4.conv0,4,1.0,0,0,2211840,2211840,0.15779092702169625
oneshot_prune_seed0,0,oneshot_prune,4000,16,stage4.conv1,4,1.0,0,0,2764800,2764800,0.19723865877712032
oneshot_prune_seed0,0,oneshot_prune,4000,16,stage5.conv0,5,1.0,0,0,2764800,2764800,0.19723865877712032
oneshot_prune_seed0,0,oneshot_prune,4000,16,stage5.conv1,5,1.0,0,0,2764800,2764800,0.19723865877712032
oneshot_prune_seed0,0,oneshot_prune,4250,17,stage0.conv1,0,1.0,0,0,27648,27648,0.0019723865877712033
oneshot_prune_seed0,0,oneshot_prune,4250,17,stage1.conv0,1,1.0,0,0,55296,55296,0.0039447731755424065
oneshot_prune_seed0,0,oneshot_prune,4250,17,stage1.conv1,1,1.0,0,0,110592,110592,0.007889546351084813
oneshot_prune_seed0,0,oneshot_prune,4250,17,stage2.conv0,2,1.0,0,0,221184,221184,0.015779092702169626
oneshot_prune_seed0,0,oneshot_prune,4250,17,stage2.conv1,2,1.0,0,0,442368,442368,0.03155818540433925
oneshot_prune_seed0,0,oneshot_prune,4250,17,stage3.conv0,3,1.0,0,0,884736,884736,0.0631163708086785
oneshot_prune_seed0,0,oneshot_prune,4250,17,stage3.conv1,3,1.0,0,0,1769472,1769472,0.126232741617357
oneshot_prune_seed0,0,oneshot_prune,4250,17,stage4.conv0,4,1.0,0,0,2211840,2211840,0.15779092702169625
oneshot_prune_seed0,0,oneshot_prune,4250,17,stage4.conv1,4,1.0,0,0,2764800,2764800,0.19723865877712032
oneshot_prune_seed0,0,oneshot_prune,4250,17,stage5.conv0,5,1.0,0,0,2764800,2764800,0.19723865877712032
oneshot_prune_seed0,0,oneshot_prune,4250,17,stage5.conv1,5,1.0,0,0,2764800,2764800,0.19723865877712032
oneshot_prune_seed0,0,oneshot_prune,4500,18,stage0.conv1,0,1.0,0,0,27648,27648,0.0019723865877712033
oneshot_prune_seed0,0,oneshot_prune,4500,18,stage1.conv0,1,1.0,0,0,55296,55296,0.0039447731755424065
oneshot_prune_seed0,0,oneshot_prune,4500,18,stage1.conv1,1,1.0,0,0,110592,110592,0.007889546351084813
oneshot_prune_seed0,0,oneshot_prune,4500,18,stage2.conv0,2,1.0,0,0,221184,221184,0.015779092702169626
oneshot_prune_seed0,0,oneshot_prune,4500,18,stage2.conv1,2,1.0,0,0,442368,442368,0.03155818540433925
oneshot_prune_seed0,0,oneshot_prune,4500,18,stage3.conv0,3,1.0,0,0,884736,884736,0.0631163708086785
oneshot_prune_seed0,0,oneshot_prune,4500,18,stage3.conv1,3,1.0,0,0,1769472,1769472,0.126232741617357
oneshot_prune_seed0,0,oneshot_prune,4500,18,stage4.conv0,4,1.0,0,0,2211840,2211840,0.15779092702169625
oneshot_prune_seed0,0,oneshot_prune,4500,18,stage4.conv1,4,1.0,0,0,2764800,2764800,0.19723865877712032
oneshot_prune_seed0,0,oneshot_prune,4500,18,stage5.conv0,5,1.0,0,0,2764800,2764800,0.19723865877712032
oneshot_prune_seed0,0,oneshot_prune,4500,18,stage5.conv1,5,1.0,0,0,2764800,2764800,0.19723865877712032
oneshot_prune_seed0,0,oneshot_prune,4750,19,stage0.conv1,0,1.0,0,0,27648,27648,0.0019723865877712033
oneshot_prune_seed0,0,oneshot_prune,4750,19,stage1.conv0,1,1.0,0,0,55296,55296,0.0039447731755424065
oneshot_prune_seed0,0,oneshot_prune,4750,19,stage1.conv1,1,1.0,0,0,110592,110592,0.007889546351084813
oneshot_prune_seed0,0,oneshot_prune,4750,19,stage2.conv0,2,1.0,0,0,221184,221184,0.015779092702169626
oneshot_prune_seed0,0,oneshot_prune,4750,19,stage2.conv1,2,1.0,0,0,442368,442368,0.03155818540433925
oneshot_prune_seed0,0,oneshot_prune,4750,19,stage3.conv0,3,1.0,0,0,884736,884736,0.0631163708086785
oneshot_prune_seed0,0,oneshot_prune,4750,19,stage3.conv1,3,1.0,0,0,1769472,1769472,0.126232741617357
oneshot_prune_seed0,0,oneshot_prune,4750,19,stage4.conv0,4,1.0,0,0,2211840,2211840,0.15779092702169625
oneshot_prune_seed0,0,oneshot_prune,4750,19,stage4.conv1,4,1.0,0,0,2764800,2764800,0.19723865877712032
oneshot_prune_seed0,0,oneshot_prune,4750,19,stage5.conv0,5,1.0,0,0,2764800,2764800,0.19723865877712032
oneshot_prune_seed0,0,oneshot_prune,4750,19,stage5.conv1,5,1.0,0,0,2764800,2764800,0.19723865877712032
oneshot_prune_seed0,0,oneshot_prune,5000,20,stage0.conv1,0,1.0,0,0,27648,27648,0.0019723865877712033
oneshot_prune_seed0,0,oneshot_prune,5000,20,stage1.conv0,1,1.0,0,0,55296,55296,0.0039447731755424065
oneshot_prune_seed0,0,oneshot_prune,5000,20,stage1.conv1,1,1.0,0,0,110592,110592,0.007889546351084813
oneshot_prune_seed0,0,oneshot_prune,5000,20,stage2.conv0,2,1.0,0,0,221184,221184,0.015779092702169626
oneshot_prune_seed0,0,oneshot_prune,5000,20,stage2.conv1,2,1.0,0,0,442368,442368,0.03155818540433925
oneshot_prune_seed0,0,oneshot_prune,5000,20,stage3.conv0,3,1.0,0,0,884736,884736,0.0631163708086785
oneshot_prune_seed0,0,oneshot_prune,5000,20,stage3.conv1,3,1.0,0,0,1769472,1769472,0.126232741617357
oneshot_prune_seed0,0,oneshot_prune,5000,20,stage4.conv0,4,1.0,0,0,2211840,2211840,0.15779092702169625
oneshot_prune_seed0,0,oneshot_prune,5000,20,stage4.conv1,4,1.0,0,0,2764800,2764800,0.19723865877712032
oneshot_prune_seed0,0,oneshot_prune,5000,20,stage5.conv0,5,1.0,0,0,2764800,2764800,0.19723865877712032
oneshot_prune_seed0,0,oneshot_prune,5000,20,stage5.conv1,5,1.0,0,0,2764800,2764800,0.19723865877712032
oneshot_prune_seed0,0,oneshot_prune,5250,21,stage0.conv1,0,1.0,0,0,27648,27648,0.0019723865877712033
oneshot_prune_seed0,0,oneshot_prune,5250,21,stage1.conv0,1,1.0,0,0,55296,55296,0.0039447731755424065
oneshot_prune_seed0,0,oneshot_prune,5250,21,stage1.conv1,1,1.0,0,0,110592,110592,0.007889546351084813
oneshot_prune_seed0,0,oneshot_prune,5250,21,stage2.conv0,2,1.0,0,0,221184,221184,0.015779092702169626
oneshot_prune_seed0,0,oneshot_prune,5250,21,stage2.conv1,2,1.0,0,0,442368,442368,0.03155818540433925
oneshot_prune_seed0,0,oneshot_prune,5250,21,stage3.conv0,3,1.0,0,0,884736,884736,0.0631163708086785
oneshot_prune_seed0,0,oneshot_prune,5250,21,stage3.conv1,3,1.0,0,0,1769472,1769472,0.126232741617357
oneshot_prune_seed0,0,oneshot_prune,5250,21,stage4.conv0,4,1.0,0,0,2211840,2211840,0.15779092702169625
oneshot_prune_seed0,0,oneshot_prune,5250,21,stage4.conv1,4,1.0,0,0,2764800,2764800,0.19723865877712032
oneshot_prune_seed0,0,oneshot_prune,5250,21,stage5.conv0,5,1.0,0,0,2764800,2764800,0.19723865877712032
oneshot_prune_seed0,0,oneshot_prune,5250,21,stage5.conv1,5,1.0,0,0,2764800,2764800,0.19723865877712032
oneshot_prune_seed0,0,oneshot_prune,5500,22,stage0.conv1,0,1.0,0,0,27648,27648,0.0019723865877712033
oneshot_prune_seed0,0,oneshot_prune,5500,22,stage1.conv0,1,1.0,0,0,55296,55296,0.0039447731755424065
oneshot_prune_seed0,0,oneshot_prune,5500,22,stage1.conv1,1,1.0,0,0,110592,110592,0.007889546351084813
oneshot_prune_seed0,0,oneshot_prune,5500,22,stage2.conv0,2,1.0,0,0,221184,221184,0.015779092702169626
oneshot_prune_seed0,0,oneshot_prune,5500,22,stage2.conv1,2,1.0,0,0,442368,442368,0.03155818540433925
oneshot_prune_seed0,0,oneshot_prune,5500,22,stage3.conv0,3,1.0,0,0,884736,884736,0.0631163708086785
oneshot_prune_seed0,0,oneshot_prune,5500,22,stage3.conv1,3,1.0,0,0,1769472,1769472,0.126232741617357
oneshot_prune_seed0,0,oneshot_prune,5500,22,stage4.conv0,4,1.0,0,0,2211840,2211840,0.15779092702169625
oneshot_prune_seed0,0,oneshot_prune,5500,22,stage4.conv1,4,1.0,0,0,2764800,2764800,0.19723865877712032
oneshot_prune_seed0,0,oneshot_prune,5500,22,stage5.conv0,5,1.0,0,0,2764800,2764800,0.19723865877712032
oneshot_prune_seed0,0,oneshot_prune,5500,22,stage5.conv1,5,1.0,0,0,2764800,2764800,0.19723865877712032
oneshot_prune_seed0,0,oneshot_prune,5750,23,stage0.conv1,0,1.0,0,0,27648,27648,0.0019723865877712033
oneshot_prune_seed0,0,oneshot_prune,5750,23,stage1.conv0,1,1.0,0,0,55296,55296,0.0039447731755424065
oneshot_prune_seed0,0,oneshot_prune,5750,23,stage1.conv1,1,1.0,0,0,110592,110592,0.007889546351084813
oneshot_prune_seed0,0,oneshot_prune,5750,23,stage2.conv0,2,1.0,0,0,221184,221184,0.015779092702169626
oneshot_prune_seed0,0,oneshot_prune,5750,23,stage2.conv1,2,1.0,0,0,442368,442368,0.03155818540433925
oneshot_prune_seed0,0,oneshot_prune,5750,23,stage3.conv0,3,1.0,0,0,884736,884736,0.0631163708086785
oneshot_prune_seed0,0,oneshot_prune,5750,23,stage3.conv1,3,1.0,0,0,1769472,1769472,0.126232741617357
oneshot_prune_seed0,0,oneshot_prune,5750,23,stage4.conv0,4,1.0,0,0,2211840,2211840,0.15779092702169625
oneshot_prune_seed0,0,oneshot_prune,5750,23,stage4.conv1,4,1.0,0,0,2764800,2764800,0.19723865877712032
oneshot_prune_seed0,0,oneshot_prune,5750,23,stage5.conv0,5,1.0,0,0,2764800,2764800,0.19723865877712032
oneshot_prune_seed0,0,oneshot_prune,5750,23,stage5.conv1,5,1.0,0,0,2764800,2764800,0.19723865877712032
oneshot_prune_seed0,0,oneshot_prune,6000,24,stage0.conv1,0,1.0,0,0,27648,27648,0.0019723865877712033
oneshot_prune_seed0,0,oneshot_prune,6000,24,stage1.conv0,1,1.0,0,0,55296,55296,0.0039447731755424065
oneshot_prune_seed0,0,oneshot_prune,6000,24,stage1.conv1,1,1.0,0,0,110592,110592,0.007889546351084813
oneshot_prune_seed0,0,oneshot_prune,6000,24,stage2.conv0,2,1.0,0,0,221184,221184,0.015779092702169626
oneshot_prune_seed0,0,oneshot_prune,6000,24,stage2.conv1,2,1.0,0,0,442368,442368,0.03155818540433925
oneshot_prune_seed0,0,oneshot_prune,6000,24,stage3.conv0,3,1.0,0,0,884736,884736,0.0631163708086785
oneshot_prune_seed0,0,oneshot_prune,6000,24,stage3.conv1,3,1.0,0,0,1769472,1769472,0.126232741617357
oneshot_prune_seed0,0,oneshot_prune,6000,24,stage4.conv0,4,1.0,0,0,2211840,2211840,0.15779092702169625
oneshot_prune_seed0,0,oneshot_prune,6000,24,stage4.conv1,4,1.0,0,0,2764800,2764800,0.19723865877712032
oneshot_prune_seed0,0,oneshot_prune,6000,24,stage5.conv0,5,1.0,0,0,2764800,2764800,0.19723865877712032
oneshot_prune_seed0,0,oneshot_prune,6000,24,stage5.conv1,5,1.0,0,0,2764800,2764800,0.19723865877712032
oneshot_prune_seed0,0,oneshot_prune,6250,25,stage0.conv1,0,1.0,0,0,27648,27648,0.0019723865877712033
oneshot_prune_seed0,0,oneshot_prune,6250,25,stage1.conv0,1,1.0,0,0,55296,55296,0.0039447731755424065
oneshot_prune_seed0,0,oneshot_prune,6250,25,stage1.conv1,1,1.0,0,0,110592,110592,0.007889546351084813
oneshot_prune_seed0,0,oneshot_prune,6250,25,stage2.conv0,2,1.0,0,0,221184,221184,0.015779092702169626
oneshot_prune_seed0,0,oneshot_prune,6250,25,stage2.conv1,2,1.0,0,0,442368,442368,0.03155818540433925
oneshot_prune_seed0,0,oneshot_prune,6250,25,stage3.conv0,3,1.0,0,0,884736,884736,0.0631163708086785
oneshot_prune_seed0,0,oneshot_prune,6250,25,stage3.conv1,3,1.0,0,0,1769472,1769472,0.126232741617357
oneshot_prune_seed0,0,oneshot_prune,6250,25,stage4.conv0,4,1.0,0,0,2211840,2211840,0.15779092702169625
oneshot_prune_seed0,0,oneshot_prune,6250,25,stage4.conv1,4,1.0,0,0,2764800,2764800,0.19723865877712032
oneshot_prune_seed0,0,oneshot_prune,6250,25,stage5.conv0,5,1.0,0,0,2764800,2764800,0.19723865877712032
oneshot_prune_seed0,0,oneshot_prune,6250,25,stage5.conv1,5,1.0,0,0,2764800,2764800,0.19723865877712032
oneshot_prune_seed0,0,oneshot_prune,6500,26,stage0.conv1,0,1.0,0,0,27648,27648,0.0019723865877712033
oneshot_prune_seed0,0,oneshot_prune,6500,26,stage1.conv0,1,1.0,0,0,55296,55296,0.0039447731755424065
oneshot_prune_seed0,0,oneshot_prune,6500,26,stage1.conv1,1,1.0,0,0,110592,110592,0.007889546351084813
oneshot_prune_seed0,0,oneshot_prune,6500,26,stage2.conv0,2,1.0,0,0,221184,221184,0.015779092702169626
oneshot_prune_seed0,0,oneshot_prune,6500,26,stage2.conv1,2,1.0,0,0,442368,442368,0.03155818540433925
oneshot_prune_seed0,0,oneshot_prune,6500,26,stage3.conv0,3,1.0,0,0,884736,884736,0.0631163708086785
oneshot_prune_seed0,0,oneshot_prune,6500,26,stage3.conv1,3,1.0,0,0,1769472,1769472,0.126232741617357
oneshot_prune_seed0,0,oneshot_prune,6500,26,stage4.conv0,4,1.0,0,0,2211840,2211840,0.15779092702169625
oneshot_prune_seed0,0,oneshot_prune,6500,26,stage4.conv1,4,1.0,0,0,2764800,2764800,0.19723865877712032
oneshot_prune_seed0,0,oneshot_prune,6500,26,stage5.conv0,5,1.0,0,0,2764800,2764800,0.19723865877712032
oneshot_prune_seed0,0,oneshot_prune,6500,26,stage5.conv1,5,1.0,0,0,2764800,2764800,0.19723865877712032
oneshot_prune_seed0,0,oneshot_prune,6750,27,stage0.conv1,0,1.0,0,0,27648,27648,0.0019723865877712033
oneshot_prune_seed0,0,oneshot_prune,6750,27,stage1.conv0,1,1.0,0,0,55296,55296,0.0039447731755424065
oneshot_prune_seed0,0,oneshot_prune,6750,27,stage1.conv1,1,1.0,0,0,110592,110592,0.007889546351084813
oneshot_prune_seed0,0,oneshot_prune,6750,27,stage2.conv0,2,1.0,0,0,221184,221184,0.015779092702169626
oneshot_prune_seed0,0,oneshot_prune,6750,27,stage2.conv1,2,1.0,0,0,442368,442368,0.03155818540433925
oneshot_prune_seed0,0,oneshot_prune,6750,27,stage3.conv0,3,1.0,0,0,884736,884736,0.0631163708086785
oneshot_prune_seed0,0,oneshot_prune,6750,27,stage3.conv1,3,1.0,0,0,1769472,1769472,0.126232741617357
oneshot_prune_seed0,0,oneshot_prune,6750,27,stage4.conv0,4,1.0,0,0,2211840,2211840,0.15779092702169625
oneshot_prune_seed0,0,oneshot_prune,6750,27,stage4.conv1,4,1.0,0,0,2764800,2764800,0.19723865877712032
oneshot_prune_seed0,0,oneshot_prune,6750,27,stage5.conv0,5,1.0,0,0,2764800,2764800,0.19723865877712032
oneshot_prune_seed0,0,oneshot_prune,6750,27,stage5.conv1,5,1.0,0,0,2764800,2764800,0.19723865877712032
oneshot_prune_seed0,0,oneshot_prune,7000,28,stage0.conv1,0,1.0,0,0,27648,27648,0.0019723865877712033
oneshot_prune_seed0,0,oneshot_prune,7000,28,stage1.conv0,1,1.0,0,0,55296,55296,0.0039447731755424065
oneshot_prune_seed0,0,oneshot_prune,7000,28,stage1.conv1,1,1.0,0,0,110592,110592,0.007889546351084813
oneshot_prune_seed0,0,oneshot_prune,7000,28,stage2.conv0,2,1.0,0,0,221184,221184,0.015779092702169626
oneshot_prune_seed0,0,oneshot_prune,7000,28,stage2.conv1,2,1.0,0,0,442368,442368,0.03155818540433925
oneshot_prune_seed0,0,oneshot_prune,7000,28,stage3.conv0,3,1.0,0,0,884736,884736,0.0631163708086785
oneshot_prune_seed0,0,oneshot_prune,7000,28,stage3.conv1,3,1.0,0,0,1769472,1769472,0.126232741617357
oneshot_prune_seed0,0,oneshot_prune,7000,28,stage4.conv0,4,1.0,0,0,2211840,2211840,0.15779092702169625
oneshot_prune_seed0,0,oneshot_prune,7000,28,stage4.conv1,4,1.0,0,0,2764800,2764800,0.19723865877712032
oneshot_prune_seed0,0,oneshot_prune,7000,28,stage5.conv0,5,1.0,0,0,2764800,2764800,0.19723865877712032
oneshot_prune_seed0,0,oneshot_prune,7000,28,stage5.conv1,5,1.0,0,0,2764800,2764800,0.19723865877712032
oneshot_prune_seed0,0,oneshot_prune,7250,29,stage0.conv1,0,1.0,0,0,27648,27648,0.0019723865877712033
oneshot_prune_seed0,0,oneshot_prune,7250,29,stage1.conv0,1,1.0,0,0,55296,55296,0.0039447731755424065
oneshot_prune_seed0,0,oneshot_prune,7250,29,stage1.conv1,1,1.0,0,0,110592,110592,0.007889546351084813
oneshot_prune_seed0,0,oneshot_prune,7250,29,stage2.conv0,2,1.0,0,0,221184,221184,0.015779092702169626
oneshot_prune_seed0,0,oneshot_prune,7250,29,stage2.conv1,2,1.0,0,0,442368,442368,0.03155818540433925
oneshot_prune_seed0,0,oneshot_prune,7250,29,stage3.conv0,3,1.0,0,0,884736,884736,0.0631163708086785
oneshot_prune_seed0,0,oneshot_prune,7250,29,stage3.conv1,3,1.0,0,0,1769472,1769472,0.126232741617357
oneshot_prune_seed0,0,oneshot_prune,7250,29,stage4.conv0,4,1.0,0,0,2211840,2211840,0.15779092702169625
oneshot_prune_seed0,0,oneshot_prune,7250,29,stage4.conv1,4,1.0,0,0,2764800,2764800,0.19723865877712032
oneshot_prune_seed0,0,oneshot_prune,7250,29,stage5.conv0,5,1.0,0,0,2764800,2764800,0.19723865877712032
oneshot_prune_seed0,0,oneshot_prune,7250,29,stage5.conv1,5,1.0,0,0,2764800,2764800,0.19723865877712032
oneshot_prune_seed0,0,oneshot_prune,7500,30,stage0.conv1,0,1.0,0,0,27648,27648,0.0019723865877712033
oneshot_prune_seed0,0,oneshot_prune,7500,30,stage1.conv0,1,1.0,0,0,55296,55296,0.0039447731755424065
oneshot_prune_seed0,0,oneshot_prune,7500,30,stage1.conv1,1,1.0,0,0,110592,110592,0.007889546351084813
oneshot_prune_seed0,0,oneshot_prune,7500,30,stage2.conv0,2,1.0,0,0,221184,221184,0.015779092702169626
oneshot_prune_seed0,0,oneshot_prune,7500,30,stage2.conv1,2,1.0,0,0,442368,442368,0.03155818540433925
oneshot_prune_seed0,0,oneshot_prune,7500,30,stage3.conv0,3,1.0,0,0,884736,884736,0.0631163708086785
oneshot_prune_seed0,0,oneshot_prune,7500,30,stage3.conv1,3,1.0,0,0,1769472,1769472,0.126232741617357
oneshot_prune_seed0,0,oneshot_prune,7500,30,stage4.conv0,4,1.0,0,0,2211840,2211840,0.15779092702169625
oneshot_prune_seed0,0,oneshot_prune,7500,30,stage4.conv1,4,1.0,0,0,2764800,2764800,0.19723865877712032
oneshot_prune_seed0,0,oneshot_prune,7500,30,stage5.conv0,5,1.0,0,0,2764800,2764800,0.19723865877712032
oneshot_prune_seed0,0,oneshot_prune,7500,30,stage5.conv1,5,1.0,0,0,2764800,2764800,0.19723865877712032
oneshot_prune_seed0,0,oneshot_prune,7750,31,stage0.conv1,0,1.0,0,0,27648,27648,0.0019723865877712033
oneshot_prune_seed0,0,oneshot_prune,7750,31,stage1.conv0,1,1.0,0,0,55296,55296,0.0039447731755424065
oneshot_prune_seed0,0,oneshot_prune,7750,31,stage1.conv1,1,1.0,0,0,110592,110592,0.007889546351084813
oneshot_prune_seed0,0,oneshot_prune,7750,31,stage2.conv0,2,1.0,0,0,221184,221184,0.015779092702169626
oneshot_prune_seed0,0,oneshot_prune,7750,31,stage2.conv1,2,1.0,0,0,442368,442368,0.03155818540433925
oneshot_prune_seed0,0,oneshot_prune,7750,31,stage3.conv0,3,1.0,0,0,884736,884736,0.0631163708086785
oneshot_prune_seed0,0,oneshot_prune,7750,31,stage3.conv1,3,1.0,0,0,1769472,1769472,0.126232741617357
oneshot_prune_seed0,0,oneshot_prune,7750,31,stage4.conv0,4,1.0,0,0,2211840,2211840,0.15779092702169625
oneshot_prune_seed0,0,oneshot_prune,7750,31,stage4.conv1,4,1.0,0,0,2764800,2764800,0.19723865877712032
oneshot_prune_seed0,0,oneshot_prune,7750,31,stage5.conv0,5,1.0,0,0,2764800,2764800,0.19723865877712032
oneshot_prune_seed0,0,oneshot_prune,7750,31,stage5.conv1,5,1.0,0,0,2764800,2764800,0.19723865877712032
oneshot_prune_seed0,0,oneshot_prune,8000,32,stage0.conv1,0,1.0,0,0,27648,27648,0.0019723865877712033
oneshot_prune_seed0,0,oneshot_prune,8000,32,stage1.conv0,1,1.0,0,0,55296,55296,0.0039447731755424065
oneshot_prune_seed0,0,oneshot_prune,8000,32,stage1.conv1,1,1.0,0,0,110592,110592,0.007889546351084813
oneshot_prune_seed0,0,oneshot_prune,8000,32,stage2.conv0,2,1.0,0,0,221184,221184,0.015779092702169626
oneshot_prune_seed0,0,oneshot_prune,8000,32,stage2.conv1,2,1.0,0,0,442368,442368,0.03155818540433925
oneshot_prune_seed0,0,oneshot_prune,8000,32,stage3.conv0,3,1.0,0,0,884736,884736,0.0631163708086785
oneshot_prune_seed0,0,oneshot_prune,8000,32,stage3.conv1,3,1.0,0,0,1769472,1769472,0.126232741617357
oneshot_prune_seed0,0,oneshot_prune,8000,32,stage4.conv0,4,1.0,0,0,2211840,2211840,0.15779092702169625
oneshot_prune_seed0,0,oneshot_prune,8000,32,stage4.conv1,4,1.0,0,0,2764800,2764800,0.19723865877712032
oneshot_prune_seed0,0,oneshot_prune,8000,32,stage5.conv0,5,1.0,0,0,2764800,2764800,0.19723865877712032
oneshot_prune_seed0,0,oneshot_prune,8000,32,stage5.conv1,5,1.0,0,0,2764800,2764800,0.19723865877712032
oneshot_prune_seed0,0,oneshot_prune,8250,33,stage0.conv1,0,1.0,0,0,27648,27648,0.0019723865877712033
oneshot_prune_seed0,0,oneshot_prune,8250,33,stage1.conv0,1,1.0,0,0,55296,55296,0.0039447731755424065
oneshot_prune_seed0,0,oneshot_prune,8250,33,stage1.conv1,1,1.0,0,0,110592,110592,0.007889546351084813
oneshot_prune_seed0,0,oneshot_prune,8250,33,stage2.conv0,2,1.0,0,0,221184,221184,0.015779092702169626
oneshot_prune_seed0,0,oneshot_prune,8250,33,stage2.conv1,2,1.0,0,0,442368,442368,0.03155818540433925
oneshot_prune_seed0,0,oneshot_prune,8250,33,stage3.conv0,3,1.0,0,0,884736,884736,0.0631163708086785
oneshot_prune_seed0,0,oneshot_prune,8250,33,stage3.conv1,3,1.0,0,0,1769472,1769472,0.126232741617357
oneshot_prune_seed0,0,oneshot_prune,8250,33,stage4.conv0,4,1.0,0,0,2211840,2211840,0.15779092702169625
oneshot_prune_seed0,0,oneshot_prune,8250,33,stage4.conv1,4,1.0,0,0,2764800,2764800,0.19723865877712032
oneshot_prune_seed0,0,oneshot_prune,8250,33,stage5.conv0,5,1.0,0,0,2764800,2764800,0.19723865877712032
oneshot_prune_seed0,0,oneshot_prune,8250,33,stage5.conv1,5,1.0,0,0,2764800,2764800,0.19723865877712032
oneshot_prune_seed0,0,oneshot_prune,8500,34,stage0.conv1,0,1.0,0,0,27648,27648,0.0019723865877712033
oneshot_prune_seed0,0,oneshot_prune,8500,34,stage1.conv0,1,1.0,0,0,55296,55296,0.0039447731755424065
oneshot_prune_seed0,0,oneshot_prune,8500,34,stage1.conv1,1,1.0,0,0,110592,110592,0.007889546351084813
oneshot_prune_seed0,0,oneshot_prune,8500,34,stage2.conv0,2,1.0,0,0,221184,221184,0.015779092702169626
oneshot_prune_seed0,0,oneshot_prune,8500,34,stage2.conv1,2,1.0,0,0,442368,442368,0.03155818540433925
oneshot_prune_seed0,0,oneshot_prune,8500,34,stage3.conv0,3,1.0,0,0,884736,884736,0.0631163708086785
oneshot_prune_seed0,0,oneshot_prune,8500,34,stage3.conv1,3,1.0,0,0,1769472,1769472,0.126232741617357
oneshot_prune_seed0,0,oneshot_prune,8500,34,stage4.conv0,4,1.0,0,0,2211840,2211840,0.15779092702169625
oneshot_prune_seed0,0,oneshot_prune,8500,34,stage4.conv1,4,1.0,0,0,2764800,2764800,0.19723865877712032
oneshot_prune_seed0,0,oneshot_prune,8500,34,stage5.conv0,5,1.0,0,0,2764800,2764800,0.19723865877712032
oneshot_prune_seed0,0,oneshot_prune,8500,34,stage5.conv1,5,1.0,0,0,2764800,2764800,0.19723865877712032
oneshot_prune_seed0,0,oneshot_prune,8750,35,stage0.conv1,0,1.0,0,0,27648,27648,0.0019723865877712033
oneshot_prune_seed0,0,oneshot_prune,8750,35,stage1.conv0,1,1.0,0,0,55296,55296,0.0039447731755424065
oneshot_prune_seed0,0,oneshot_prune,8750,35,stage1.conv1,1,1.0,0,0,110592,110592,0.007889546351084813
oneshot_prune_seed0,0,oneshot_prune,8750,35,stage2.conv0,2,1.0,0,0,221184,221184,0.015779092702169626
oneshot_prune_seed0,0,oneshot_prune,8750,35,stage2.conv1,2,1.0,0,0,442368,442368,0.03155818540433925
oneshot_prune_seed0,0,oneshot_prune,8750,35,stage3.conv0,3,1.0,0,0,884736,884736,0.0631163708086785
oneshot_prune_seed0,0,oneshot_prune,8750,35,stage3.conv1,3,1.0,0,0,1769472,1769472,0.126232741617357
oneshot_prune_seed0,0,oneshot_prune,8750,35,stage4.conv0,4,1.0,0,0,2211840,2211840,0.15779092702169625
oneshot_prune_seed0,0,oneshot_prune,8750,35,stage4.conv1,4,1.0,0,0,2764800,2764800,0.19723865877712032
oneshot_prune_seed0,0,oneshot_prune,8750,35,stage5.conv0,5,1.0,0,0,2764800,2764800,0.19723865877712032
oneshot_prune_seed0,0,oneshot_prune,8750,35,stage5.conv1,5,1.0,0,0,2764800,2764800,0.19723865877712032
oneshot_prune_seed0,0,oneshot_prune,9000,36,stage0.conv1,0,1.0,0,0,27648,27648,0.0019723865877712033
oneshot_prune_seed0,0,oneshot_prune,9000,36,stage1.conv0,1,1.0,0,0,55296,55296,0.0039447731755424065
oneshot_prune_seed0,0,oneshot_prune,9000,36,stage1.conv1,1,1.0,0,0,110592,110592,0.007889546351084813
oneshot_prune_seed0,0,oneshot_prune,9000,36,stage2.conv0,2,1.0,0,0,221184,221184,0.015779092702169626
oneshot_prune_seed0,0,oneshot_prune,9000,36,stage2.conv1,2,1.0,0,0,442368,442368,0.03155818540433925
oneshot_prune_seed0,0,oneshot_prune,9000,36,stage3.conv0,3,1.0,0,0,884736,884736,0.0631163708086785
oneshot_prune_seed0,0,oneshot_prune,9000,36,stage3.conv1,3,1.0,0,0,1769472,1769472,0.126232741617357
oneshot_prune_seed0,0,oneshot_prune,9000,36,stage4.conv0,4,1.0,0,0,2211840,2211840,0.15779092702169625
oneshot_prune_seed0,0,oneshot_prune,9000,36,stage4.conv1,4,1.0,0,0,2764800,2764800,0.19723865877712032
oneshot_prune_seed0,0,oneshot_prune,9000,36,stage5.conv0,5,1.0,0,0,2764800,2764800,0.19723865877712032
oneshot_prune_seed0,0,oneshot_prune,9000,36,stage5.conv1,5,1.0,0,0,2764800,2764800,0.19723865877712032
oneshot_prune_seed0,0,oneshot_prune,9250,37,stage0.conv1,0,1.0,0,0,27648,27648,0.0019723865877712033
oneshot_prune_seed0,0,oneshot_prune,9250,37,stage1.conv0,1,1.0,0,0,55296,55296,0.0039447731755424065
oneshot_prune_seed0,0,oneshot_prune,9250,37,stage1.conv1,1,1.0,0,0,110592,110592,0.007889546351084813
oneshot_prune_seed0,0,oneshot_prune,9250,37,stage2.conv0,2,1.0,0,0,221184,221184,0.015779092702169626
oneshot_prune_seed0,0,oneshot_prune,9250,37,stage2.conv1,2,1.0,0,0,442368,442368,0.03155818540433925
oneshot_prune_seed0,0,oneshot_prune,9250,37,stage3.conv0,3,1.0,0,0,884736,884736,0.0631163708086785
oneshot_prune_seed0,0,oneshot_prune,9250,37,stage3.conv1,3,1.0,0,0,1769472,1769472,0.126232741617357
oneshot_prune_seed0,0,oneshot_prune,9250,37,stage4.conv0,4,1.0,0,0,2211840,2211840,0.15779092702169625
oneshot_prune_seed0,0,oneshot_prune,9250,37,stage4.conv1,4,1.0,0,0,2764800,2764800,0.19723865877712032
oneshot_prune_seed0,0,oneshot_prune,9250,37,stage5.conv0,5,1.0,0,0,2764800,2764800,0.19723865877712032
oneshot_prune_seed0,0,oneshot_prune,9250,37,stage5.conv1,5,1.0,0,0,2764800,2764800,0.19723865877712032
oneshot_prune_seed0,0,oneshot_prune,9500,38,stage0.conv1,0,1.0,0,0,27648,27648,0.0019723865877712033
oneshot_prune_seed0,0,oneshot_prune,9500,38,stage1.conv0,1,1.0,0,0,55296,55296,0.0039447731755424065
oneshot_prune_seed0,0,oneshot_prune,9500,38,stage1.conv1,1,1.0,0,0,110592,110592,0.007889546351084813
oneshot_prune_seed0,0,oneshot_prune,9500,38,stage2.conv0,2,1.0,0,0,221184,221184,0.015779092702169626
oneshot_prune_seed0,0,oneshot_prune,9500,38,stage2.conv1,2,1.0,0,0,442368,442368,0.03155818540433925
oneshot_prune_seed0,0,oneshot_prune,9500,38,stage3.conv0,3,1.0,0,0,884736,884736,0.0631163708086785
oneshot_prune_seed0,0,oneshot_prune,9500,38,stage3.conv1,3,1.0,0,0,1769472,1769472,0.126232741617357
oneshot_prune_seed0,0,oneshot_prune,9500,38,stage4.conv0,4,1.0,0,0,2211840,2211840,0.15779092702169625
oneshot_prune_seed0,0,oneshot_prune,9500,38,stage4.conv1,4,1.0,0,0,2764800,2764800,0.19723865877712032
oneshot_prune_seed0,0,oneshot_prune,9500,38,stage5.conv0,5,1.0,0,0,2764800,2764800,0.19723865877712032
oneshot_prune_seed0,0,oneshot_prune,9500,38,stage5.conv1,5,1.0,0,0,2764800,2764800,0.19723865877712032
oneshot_prune_seed0,0,oneshot_prune,9750,39,stage0.conv1,0,1.0,0,0,27648,27648,0.0019723865877712033
oneshot_prune_seed0,0,oneshot_prune,9750,39,stage1.conv0,1,1.0,0,0,55296,55296,0.0039447731755424065
oneshot_prune_seed0,0,oneshot_prune,9750,39,stage1.conv1,1,1.0,0,0,110592,110592,0.007889546351084813
oneshot_prune_seed0,0,oneshot_prune,9750,39,stage2.conv0,2,1.0,0,0,221184,221184,0.015779092702169626
oneshot_prune_seed0,0,oneshot_prune,9750,39,stage2.conv1,2,1.0,0,0,442368,442368,0.03155818540433925
oneshot_prune_seed0,0,oneshot_prune,9750,39,stage3.conv0,3,1.0,0,0,884736,884736,0.0631163708086785
oneshot_prune_seed0,0,oneshot_prune,9750,39,stage3.conv1,3,1.0,0,0,1769472,1769472,0.126232741617357
oneshot_prune_seed0,0,oneshot_prune,9750,39,stage4.conv0,4,1.0,0,0,2211840,2211840,0.15779092702169625
oneshot_prune_seed0,0,oneshot_prune,9750,39,stage4.conv1,4,1.0,0,0,2764800,2764800,0.19723865877712032
oneshot_prune_seed0,0,oneshot_prune,9750,39,stage5.conv0,5,1.0,0,0,2764800,2764800,0.19723865877712032
oneshot_prune_seed0,0,oneshot_prune,9750,39,stage5.conv1,5,1.0,0,0,2764800,2764800,0.19723865877712032
oneshot_prune_seed0,0,oneshot_prune,10000,40,stage0.conv1,0,1.0,0,0,27648,27648,0.0019723865877712033
oneshot_prune_seed0,0,oneshot_prune,10000,40,stage1.conv0,1,1.0,0,0,55296,55296,0.0039447731755424065
oneshot_prune_seed0,0,oneshot_prune,10000,40,stage1.conv1,1,1.0,0,0,110592,110592,0.007889546351084813
oneshot_prune_seed0,0,oneshot_prune,10000,40,stage2.conv0,2,1.0,0,0,221184,221184,0.015779092702169626
oneshot_prune_seed0,0,oneshot_prune,10000,40,stage2.conv1,2,1.0,0,0,442368,442368,0.03155818540433925
oneshot_prune_seed0,0,oneshot_prune,10000,40,stage3.conv0,3,1.0,0,0,884736,884736,0.0631163708086785
oneshot_prune_seed0,0,oneshot_prune,10000,40,stage3.conv1,3,1.0,0,0,1769472,1769472,0.126232741617357
oneshot_prune_seed0,0,oneshot_prune,10000,40,stage4.conv0,4,1.0,0,0,2211840,2211840,0.15779092702169625
oneshot_prune_seed0,0,oneshot_prune,10000,40,stage4.conv1,4,1.0,0,0,2764800,2764800,0.19723865877712032
oneshot_prune_seed0,0,oneshot_prune,10000,40,stage5.conv0,5,1.0,0,0,2764800,2764800,0.19723865877712032
oneshot_prune_seed0,0,oneshot_prune,10000,40,stage5.conv1,5,1.0,0,0,2764800,2764800,0.19723865877712032
oneshot_prune_seed0,0,oneshot_prune,10250,41,stage0.conv1,0,1.0,0,0,27648,27648,0.0019723865877712033
oneshot_prune_seed0,0,oneshot_prune,10250,41,stage1.conv0,1,1.0,0,0,55296,55296,0.0039447731755424065
oneshot_prune_seed0,0,oneshot_prune,10250,41,stage1.conv1,1,1.0,0,0,110592,110592,0.007889546351084813
oneshot_prune_seed0,0,oneshot_prune,10250,41,stage2.conv0,2,1.0,0,0,221184,221184,0.015779092702169626
oneshot_prune_seed0,0,oneshot_prune,10250,41,stage2.conv1,2,1.0,0,0,442368,442368,0.03155818540433925
oneshot_prune_seed0,0,oneshot_prune,10250,41,stage3.conv0,3,1.0,0,0,884736,884736,0.0631163708086785
oneshot_prune_seed0,0,oneshot_prune,10250,41,stage3.conv1,3,1.0,0,0,1769472,1769472,0.126232741617357
oneshot_prune_seed0,0,oneshot_prune,10250,41,stage4.conv0,4,1.0,0,0,2211840,2211840,0.15779092702169625
oneshot_prune_seed0,0,oneshot_prune,10250,41,stage4.conv1,4,1.0,0,0,2764800,2764800,0.19723865877712032
oneshot_prune_seed0,0,oneshot_prune,10250,41,stage5.conv0,5,1.0,0,0,2764800,2764800,0.19723865877712032
oneshot_prune_seed0,0,oneshot_prune,10250,41,stage5.conv1,5,1.0,0,0,2764800,2764800,0.19723865877712032
oneshot_prune_seed0,0,oneshot_prune,10500,42,stage0.conv1,0,1.0,0,0,27648,27648,0.0019723865877712033
oneshot_prune_seed0,0,oneshot_prune,10500,42,stage1.conv0,1,1.0,0,0,55296,55296,0.0039447731755424065
oneshot_prune_seed0,0,oneshot_prune,10500,42,stage1.conv1,1,1.0,0,0,110592,110592,0.007889546351084813
oneshot_prune_seed0,0,oneshot_prune,10500,42,stage2.conv0,2,1.0,0,0,221184,221184,0.015779092702169626
oneshot_prune_seed0,0,oneshot_prune,10500,42,stage2.conv1,2,1.0,0,0,442368,442368,0.03155818540433925
oneshot_prune_seed0,0,oneshot_prune,10500,42,stage3.conv0,3,1.0,0,0,884736,884736,0.0631163708086785
oneshot_prune_seed0,0,oneshot_prune,10500,42,stage3.conv1,3,1.0,0,0,1769472,1769472,0.126232741617357
oneshot_prune_seed0,0,oneshot_prune,10500,42,stage4.conv0,4,1.0,0,0,2211840,2211840,0.15779092702169625
oneshot_prune_seed0,0,oneshot_prune,10500,42,stage4.conv1,4,1.0,0,0,2764800,2764800,0.19723865877712032
oneshot_prune_seed0,0,oneshot_prune,10500,42,stage5.conv0,5,1.0,0,0,2764800,2764800,0.19723865877712032
oneshot_prune_seed0,0,oneshot_prune,10500,42,stage5.conv1,5,1.0,0,0,2764800,2764800,0.19723865877712032
oneshot_prune_seed0,0,oneshot_prune,10750,43,stage0.conv1,0,1.0,0,0,27648,27648,0.0019723865877712033
oneshot_prune_seed0,0,oneshot_prune,10750,43,stage1.conv0,1,1.0,0,0,55296,55296,0.0039447731755424065
oneshot_prune_seed0,0,oneshot_prune,10750,43,stage1.conv1,1,1.0,0,0,110592,110592,0.007889546351084813
oneshot_prune_seed0,0,oneshot_prune,10750,43,stage2.conv0,2,1.0,0,0,221184,221184,0.015779092702169626
oneshot_prune_seed0,0,oneshot_prune,10750,43,stage2.conv1,2,1.0,0,0,442368,442368,0.03155818540433925
oneshot_prune_seed0,0,oneshot_prune,10750,43,stage3.conv0,3,1.0,0,0,884736,884736,0.0631163708086785
oneshot_prune_seed0,0,oneshot_prune,10750,43,stage3.conv1,3,1.0,0,0,1769472,1769472,0.126232741617357
oneshot_prune_seed0,0,oneshot_prune,10750,43,stage4.conv0,4,1.0,0,0,2211840,2211840,0.15779092702169625
oneshot_prune_seed0,0,oneshot_prune,10750,43,stage4.conv1,4,1.0,0,0,2764800,2764800,0.19723865877712032
oneshot_prune_seed0,0,oneshot_prune,10750,43,stage5.conv0,5,1.0,0,0,2764800,2764800,0.19723865877712032
oneshot_prune_seed0,0,oneshot_prune,10750,43,stage5.conv1,5,1.0,0,0,2764800,2764800,0.19723865877712032
oneshot_prune_seed0,0,oneshot_prune,11000,44,stage0.conv1,0,1.0,0,0,27648,27648,0.0019723865877712033
oneshot_prune_seed0,0,oneshot_prune,11000,44,stage1.conv0,1,1.0,0,0,55296,55296,0.0039447731755424065
oneshot_prune_seed0,0,oneshot_prune,11000,44,stage1.conv1,1,1.0,0,0,110592,110592,0.007889546351084813
oneshot_prune_seed0,0,oneshot_prune,11000,44,stage2.conv0,2,1.0,0,0,221184,221184,0.015779092702169626
oneshot_prune_seed0,0,oneshot_prune,11000,44,stage2.conv1,2,1.0,0,0,442368,442368,0.03155818540433925
oneshot_prune_seed0,0,oneshot_prune,11000,44,stage3.conv0,3,1.0,0,0,884736,884736,0.0631163708086785
oneshot_prune_seed0,0,oneshot_prune,11000,44,stage3.conv1,3,1.0,0,0,1769472,1769472,0.126232741617357
oneshot_prune_seed0,0,oneshot_prune,11000,44,stage4.conv0,4,1.0,0,0,2211840,2211840,0.15779092702169625
oneshot_prune_seed0,0,oneshot_prune,11000,44,stage4.conv1,4,1.0,0,0,2764800,2764800,0.19723865877712032
oneshot_prune_seed0,0,oneshot_prune,11000,44,stage5.conv0,5,1.0,0,0,2764800,2764800,0.19723865877712032
oneshot_prune_seed0,0,oneshot_prune,11000,44,stage5.conv1,5,1.0,0,0,2764800,2764800,0.19723865877712032
oneshot_prune_seed0,0,oneshot_prune,11250,45,stage0.conv1,0,1.0,0,0,27648,27648,0.0019723865877712033
oneshot_prune_seed0,0,oneshot_prune,11250,45,stage1.conv0,1,1.0,0,0,55296,55296,0.0039447731755424065
oneshot_prune_seed0,0,oneshot_prune,11250,45,stage1.conv1,1,1.0,0,0,110592,110592,0.007889546351084813
oneshot_prune_seed0,0,oneshot_prune,11250,45,stage2.conv0,2,1.0,0,0,221184,221184,0.015779092702169626
oneshot_prune_seed0,0,oneshot_prune,11250,45,stage2.conv1,2,1.0,0,0,442368,442368,0.03155818540433925
oneshot_prune_seed0,0,oneshot_prune,11250,45,stage3.conv0,3,1.0,0,0,884736,884736,0.0631163708086785
oneshot_prune_seed0,0,oneshot_prune,11250,45,stage3.conv1,3,1.0,0,0,1769472,1769472,0.126232741617357
oneshot_prune_seed0,0,oneshot_prune,11250,45,stage4.conv0,4,1.0,0,0,2211840,2211840,0.15779092702169625
oneshot_prune_seed0,0,oneshot_prune,11250,45,stage4.conv1,4,1.0,0,0,2764800,2764800,0.19723865877712032
oneshot_prune_seed0,0,oneshot_prune,11250,45,stage5.conv0,5,1.0,0,0,2764800,2764800,0.19723865877712032
oneshot_prune_seed0,0,oneshot_prune,11250,45,stage5.conv1,5,1.0,0,0,2764800,2764800,0.19723865877712032
oneshot_prune_seed0,0,oneshot_prune,11500,46,stage0.conv1,0,1.0,0,0,27648,27648,0.0019723865877712033
oneshot_prune_seed0,0,oneshot_prune,11500,46,stage1.conv0,1,1.0,0,0,55296,55296,0.0039447731755424065
oneshot_prune_seed0,0,oneshot_prune,11500,46,stage1.conv1,1,1.0,0,0,110592,110592,0.007889546351084813
oneshot_prune_seed0,0,oneshot_prune,11500,46,stage2.conv0,2,1.0,0,0,221184,221184,0.015779092702169626
oneshot_prune_seed0,0,oneshot_prune,11500,46,stage2.conv1,2,1.0,0,0,442368,442368,0.03155818540433925
oneshot_prune_seed0,0,oneshot_prune,11500,46,stage3.conv0,3,1.0,0,0,884736,884736,0.0631163708086785
oneshot_prune_seed0,0,oneshot_prune,11500,46,stage3.conv1,3,1.0,0,0,1769472,1769472,0.126232741617357
oneshot_prune_seed0,0,oneshot_prune,11500,46,stage4.conv0,4,1.0,0,0,2211840,2211840,0.15779092702169625
oneshot_prune_seed0,0,oneshot_prune,11500,46,stage4.conv1,4,1.0,0,0,2764800,2764800,0.19723865877712032
oneshot_prune_seed0,0,oneshot_prune,11500,46,stage5.conv0,5,1.0,0,0,2764800,2764800,0.19723865877712032
oneshot_prune_seed0,0,oneshot_prune,11500,46,stage5.conv1,5,1.0,0,0,2764800,2764800,0.19723865877712032
oneshot_prune_seed0,0,oneshot_prune,11750,47,stage0.conv1,0,1.0,0,0,27648,27648,0.0019723865877712033
oneshot_prune_seed0,0,oneshot_prune,11750,47,stage1.conv0,1,1.0,0,0,55296,55296,0.0039447731755424065
oneshot_prune_seed0,0,oneshot_prune,11750,47,stage1.conv1,1,1.0,0,0,110592,110592,0.007889546351084813
oneshot_prune_seed0,0,oneshot_prune,11750,47,stage2.conv0,2,1.0,0,0,221184,221184,0.015779092702169626
oneshot_prune_seed0,0,oneshot_prune,11750,47,stage2.conv1,2,1.0,0,0,442368,442368,0.03155818540433925
oneshot_prune_seed0,0,oneshot_prune,11750,47,stage3.conv0,3,1.0,0,0,884736,884736,0.0631163708086785
oneshot_prune_seed0,0,oneshot_prune,11750,47,stage3.conv1,3,1.0,0,0,1769472,1769472,0.126232741617357
oneshot_prune_seed0,0,oneshot_prune,11750,47,stage4.conv0,4,1.0,0,0,2211840,2211840,0.15779092702169625
oneshot_prune_seed0,0,oneshot_prune,11750,47,stage4.conv1,4,1.0,0,0,2764800,2764800,0.19723865877712032
oneshot_prune_seed0,0,oneshot_prune,11750,47,stage5.conv0,5,1.0,0,0,2764800,2764800,0.19723865877712032
oneshot_prune_seed0,0,oneshot_prune,11750,47,stage5.conv1,5,1.0,0,0,2764800,2764800,0.19723865877712032
oneshot_prune_seed0,0,oneshot_prune,12000,48,stage0.conv1,0,1.0,0,0,27648,27648,0.0019723865877712033
oneshot_prune_seed0,0,oneshot_prune,12000,48,stage1.conv0,1,1.0,0,0,55296,55296,0.0039447731755424065
oneshot_prune_seed0,0,oneshot_prune,12000,48,stage1.conv1,1,1.0,0,0,110592,110592,0.007889546351084813
oneshot_prune_seed0,0,oneshot_prune,12000,48,stage2.conv0,2,1.0,0,0,221184,221184,0.015779092702169626
oneshot_prune_seed0,0,oneshot_prune,12000,48,stage2.conv1,2,1.0,0,0,442368,442368,0.03155818540433925
oneshot_prune_seed0,0,oneshot_prune,12000,48,stage3.conv0,3,1.0,0,0,884736,884736,0.0631163708086785
oneshot_prune_seed0,0,oneshot_prune,12000,48,stage3.conv1,3,1.0,0,0,1769472,1769472,0.126232741617357
oneshot_prune_seed0,0,oneshot_prune,12000,48,stage4.conv0,4,1.0,0,0,2211840,2211840,0.15779092702169625
oneshot_prune_seed0,0,oneshot_prune,12000,48,stage4.conv1,4,1.0,0,0,2764800,2764800,0.19723865877712032
oneshot_prune_seed0,0,oneshot_prune,12000,48,stage5.conv0,5,1.0,0,0,2764800,2764800,0.19723865877712032
oneshot_prune_seed0,0,oneshot_prune,12000,48,stage5.conv1,5,1.0,0,0,2764800,2764800,0.19723865877712032
oneshot_prune_seed0,0,oneshot_prune,12250,49,stage0.conv1,0,1.0,0,0,27648,27648,0.0019723865877712033
oneshot_prune_seed0,0,oneshot_prune,12250,49,stage1.conv0,1,1.0,0,0,55296,55296,0.0039447731755424065
oneshot_prune_seed0,0,oneshot_prune,12250,49,stage1.conv1,1,1.0,0,0,110592,110592,0.007889546351084813
oneshot_prune_seed0,0,oneshot_prune,12250,49,stage2.conv0,2,1.0,0,0,221184,221184,0.015779092702169626
oneshot_prune_seed0,0,oneshot_prune,12250,49,stage2.conv1,2,1.0,0,0,442368,442368,0.03155818540433925
oneshot_prune_seed0,0,oneshot_prune,12250,49,stage3.conv0,3,1.0,0,0,884736,884736,0.0631163708086785
oneshot_prune_seed0,0,oneshot_prune,12250,49,stage3.conv1,3,1.0,0,0,1769472,1769472,0.126232741617357
oneshot_prune_seed0,0,oneshot_prune,12250,49,stage4.conv0,4,1.0,0,0,2211840,2211840,0.15779092702169625
oneshot_prune_seed0,0,oneshot_prune,12250,49,stage4.conv1,4,1.0,0,0,2764800,2764800,0.19723865877712032
oneshot_prune_seed0,0,oneshot_prune,12250,49,stage5.conv0,5,1.0,0,0,2764800,2764800,0.19723865877712032
oneshot_prune_seed0,0,oneshot_prune,12250,49,stage5.conv1,5,1.0,0,0,2764800,2764800,0.19723865877712032
oneshot_prune_seed0,0,oneshot_prune,12500,50,stage0.conv1,0,0.2999855324074074,19354,0,27648,8294,0.0019722913750181022
oneshot_prune_seed0,0,oneshot_prune,12500,50,stage1.conv0,1,0.30000361689814814,38707,0,55296,16589,0.003944820547404786
oneshot_prune_seed0,0,oneshot_prune,12500,50,stage1.conv1,1,0.30000361689814814,77414,0,110592,33178,0.007889641094809573
oneshot_prune_seed0,0,oneshot_prune,12500,50,stage2.conv0,2,0.29999909577546297,154829,0,221184,66355,0.015779044392250564
oneshot_prune_seed0,0,oneshot_prune,12500,50,stage2.conv1,2,0.29999909577546297,309658,0,442368,132710,0.03155808878450113
oneshot_prune_seed0,0,oneshot_prune,12500,50,stage3.conv0,3,0.30000022605613424,619315,0,884736,265421,0.06311641536637085
oneshot_prune_seed0,0,oneshot_prune,12500,50,stage3.conv1,3,0.30000022605613424,1238630,0,1769472,530842,0.1262328307327417
oneshot_prune_seed0,0,oneshot_prune,12500,50,stage4.conv0,4,0.3,1548288,0,2211840,663552,0.1577909195172428
oneshot_prune_seed0,0,oneshot_prune,12500,50,stage4.conv1,4,0.3,1935360,0,2764800,829440,0.1972386493965535
oneshot_prune_seed0,0,oneshot_prune,12500,50,stage5.conv0,5,0.3,1935360,0,2764800,829440,0.1972386493965535
oneshot_prune_seed0,0,oneshot_prune,12500,50,stage5.conv1,5,0.3,1935360,0,2764800,829440,0.1972386493965535
oneshot_prune_seed0,0,oneshot_prune,12750,51,stage0.conv1,0,0.2999855324074074,0,0,27648,8294,0.0019722913750181022
oneshot_prune_seed0,0,oneshot_prune,12750,51,stage1.conv0,1,0.30000361689814814,0,0,55296,16589,0.003944820547404786
oneshot_prune_seed0,0,oneshot_prune,12750,51,stage1.conv1,1,0.30000361689814814,0,0,110592,33178,0.007889641094809573
oneshot_prune_seed0,0,oneshot_prune,12750,51,stage2.conv0,2,0.29999909577546297,0,0,221184,66355,0.015779044392250564
oneshot_prune_seed0,0,oneshot_prune,12750,51,stage2.conv1,2,0.29999909577546297,0,0,442368,132710,0.03155808878450113
oneshot_prune_seed0,0,oneshot_prune,12750,51,stage3.conv0,3,0.30000022605613424,0,0,884736,265421,0.06311641536637085
oneshot_prune_seed0,0,oneshot_prune,12750,51,stage3.conv1,3,0.30000022605613424,0,0,1769472,530842,0.1262328307327417
oneshot_prune_seed0,0,oneshot_prune,12750,51,stage4.conv0,4,0.3,0,0,2211840,663552,0.1577909195172428
oneshot_prune_seed0,0,oneshot_prune,12750,51,stage4.conv1,4,0.3,0,0,2764800,829440,0.1972386493965535
oneshot_prune_seed0,0,oneshot_prune,12750,51,stage5.conv0,5,0.3,0,0,2764800,829440,0.1972386493965535
oneshot_prune_seed0,0,oneshot_prune,12750,51,stage5.conv1,5,0.3,0,0,2764800,829440,0.1972386493965535
oneshot_prune_seed0,0,oneshot_prune,13000,52,stage0.conv1,0,0.2999855324074074,0,0,27648,8294,0.0019722913750181022
oneshot_prune_seed0,0,oneshot_prune,13000,52,stage1.conv0,1,0.30000361689814814,0,0,55296,16589,0.003944820547404786
oneshot_prune_seed0,0,oneshot_prune,13000,52,stage1.conv1,1,0.30000361689814814,0,0,110592,33178,0.007889641094809573
oneshot_prune_seed0,0,oneshot_prune,13000,52,stage2.conv0,2,0.29999909577546297,0,0,221184,66355,0.015779044392250564
oneshot_prune_seed0,0,oneshot_prune,13000,52,stage2.conv1,2,0.29999909577546297,0,0,442368,132710,0.03155808878450113
oneshot_prune_seed0,0,oneshot_prune,13000,52,stage3.conv0,3,0.30000022605613424,0,0,884736,265421,0.06311641536637085
oneshot_prune_seed0,0,oneshot_prune,13000,52,stage3.conv1,3,0.30000022605613424,0,0,1769472,530842,0.1262328307327417
oneshot_prune_seed0,0,oneshot_prune,13000,52,stage4.conv0,4,0.3,0,0,2211840,663552,0.1577909195172428
oneshot_prune_seed0,0,oneshot_prune,13000,52,stage4.conv1,4,0.3,0,0,2764800,829440,0.1972386493965535
oneshot_prune_seed0,0,oneshot_prune,13000,52,stage5.conv0,5,0.3,0,0,2764800,829440,0.1972386493965535
oneshot_prune_seed0,0,oneshot_prune,13000,52,stage5.conv1,5,0.3,0,0,2764800,829440,0.1972386493965535
oneshot_prune_seed0,0,oneshot_prune,13250,53,stage0.conv1,0,0.2999855324074074,0,0,27648,8294,0.0019722913750181022
oneshot_prune_seed0,0,oneshot_prune,13250,53,stage1.conv0,1,0.30000361689814814,0,0,55296,16589,0.003944820547404786
oneshot_prune_seed0,0,oneshot_prune,13250,53,stage1.conv1,1,0.30000361689814814,0,0,110592,33178,0.007889641094809573
oneshot_prune_seed0,0,oneshot_prune,13250,53,stage2.conv0,2,0.29999909577546297,0,0,221184,66355,0.015779044392250564
oneshot_prune_seed0,0,oneshot_prune,13250,53,stage2.conv1,2,0.29999909577546297,0,0,442368,132710,0.03155808878450113
oneshot_prune_seed0,0,oneshot_prune,13250,53,stage3.conv0,3,0.30000022605613424,0,0,884736,265421,0.06311641536637085
oneshot_prune_seed0,0,oneshot_prune,13250,53,stage3.conv1,3,0.30000022605613424,0,0,1769472,530842,0.1262328307327417
oneshot_prune_seed0,0,oneshot_prune,13250,53,stage4.conv0,4,0.3,0,0,2211840,663552,0.1577909195172428
oneshot_prune_seed0,0,oneshot_prune,13250,53,stage4.conv1,4,0.3,0,0,2764800,829440,0.1972386493965535
oneshot_prune_seed0,0,oneshot_prune,13250,53,stage5.conv0,5,0.3,0,0,2764800,829440,0.1972386493965535
oneshot_prune_seed0,0,oneshot_prune,13250,53,stage5.conv1,5,0.3,0,0,2764800,829440,0.1972386493965535
oneshot_prune_seed0,0,oneshot_prune,13500,54,stage0.conv1,0,0.2999855324074074,0,0,27648,8294,0.0019722913750181022
oneshot_prune_seed0,0,oneshot_prune,13500,54,stage1.conv0,1,0.30000361689814814,0,0,55296,16589,0.003944820547404786
oneshot_prune_seed0,0,oneshot_prune,13500,54,stage1.conv1,1,0.30000361689814814,0,0,110592,33178,0.007889641094809573
oneshot_prune_seed0,0,oneshot_prune,13500,54,stage2.conv0,2,0.29999909577546297,0,0,221184,66355,0.015779044392250564
oneshot_prune_seed0,0,oneshot_prune,13500,54,stage2.conv1,2,0.29999909577546297,0,0,442368,132710,0.03155808878450113
oneshot_prune_seed0,0,oneshot_prune,13500,54,stage3.conv0,3,0.30000022605613424,0,0,884736,265421,0.06311641536637085
oneshot_prune_seed0,0,oneshot_prune,13500,54,stage3.conv1,3,0.30000022605613424,0,0,1769472,530842,0.1262328307327417
oneshot_prune_seed0,0,oneshot_prune,13500,54,stage4.conv0,4,0.3,0,0,2211840,663552,0.1577909195172428
oneshot_prune_seed0,0,oneshot_prune,13500,54,stage4.conv1,4,0.3,0,0,2764800,829440,0.1972386493965535
oneshot_prune_seed0,0,oneshot_prune,13500,54,stage5.conv0,5,0.3,0,0,2764800,829440,0.1972386493965535
oneshot_prune_seed0,0,oneshot_prune,13500,54,stage5.conv1,5,0.3,0,0,2764800,829440,0.1972386493965535
oneshot_prune_seed0,0,oneshot_prune,13750,55,stage0.conv1,0,0.2999855324074074,0,0,27648,8294,0.0019722913750181022
oneshot_prune_seed0,0,oneshot_prune,13750,55,stage1.conv0,1,0.30000361689814814,0,0,55296,16589,0.003944820547404786
oneshot_prune_seed0,0,oneshot_prune,13750,55,stage1.conv1,1,0.30000361689814814,0,0,110592,33178,0.007889641094809573
oneshot_prune_seed0,0,oneshot_prune,13750,55,stage2.conv0,2,0.29999909577546297,0,0,221184,66355,0.015779044392250564
oneshot_prune_seed0,0,oneshot_prune,13750,55,stage2.conv1,2,0.29999909577546297,0,0,442368,132710,0.03155808878450113
oneshot_prune_seed0,0,oneshot_prune,13750,55,stage3.conv0,3,0.30000022605613424,0,0,884736,265421,0.06311641536637085
oneshot_prune_seed0,0,oneshot_prune,13750,55,stage3.conv1,3,0.30000022605613424,0,0,1769472,530842,0.1262328307327417
oneshot_prune_seed0,0,oneshot_prune,13750,55,stage4.conv0,4,0.3,0,0,2211840,663552,0.1577909195172428
oneshot_prune_seed0,0,oneshot_prune,13750,55,stage4.conv1,4,0.3,0,0,2764800,829440,0.1972386493965535
oneshot_prune_seed0,0,oneshot_prune,13750,55,stage5.conv0,5,0.3,0,0,2764800,829440,0.1972386493965535
oneshot_prune_seed0,0,oneshot_prune,13750,55,stage5.conv1,5,0.3,0,0,2764800,829440,0.1972386493965535
oneshot_prune_seed0,0,oneshot_prune,14000,56,stage0.conv1,0,0.2999855324074074,0,0,27648,8294,0.0019722913750181022
oneshot_prune_seed0,0,oneshot_prune,14000,56,stage1.conv0,1,0.30000361689814814,0,0,55296,16589,0.003944820547404786
oneshot_prune_seed0,0,oneshot_prune,14000,56,stage1.conv1,1,0.30000361689814814,0,0,110592,33178,0.007889641094809573
oneshot_prune_seed0,0,oneshot_prune,14000,56,stage2.conv0,2,0.29999909577546297,0,0,221184,66355,0.015779044392250564
oneshot_prune_seed0,0,oneshot_prune,14000,56,stage2.conv1,2,0.29999909577546297,0,0,442368,132710,0.03155808878450113
oneshot_prune_seed0,0,oneshot_prune,14000,56,stage3.conv0,3,0.30000022605613424,0,0,884736,265421,0.06311641536637085
oneshot_prune_seed0,0,oneshot_prune,14000,56,stage3.conv1,3,0.30000022605613424,0,0,1769472,530842,0.1262328307327417
oneshot_prune_seed0,0,oneshot_prune,14000,56,stage4.conv0,4,0.3,0,0,2211840,663552,0.1577909195172428
oneshot_prune_seed0,0,oneshot_prune,14000,56,stage4.conv1,4,0.3,0,0,2764800,829440,0.1972386493965535
oneshot_prune_seed0,0,oneshot_prune,14000,56,stage5.conv0,5,0.3,0,0,2764800,829440,0.1972386493965535
oneshot_prune_seed0,0,oneshot_prune,14000,56,stage5.conv1,5,0.3,0,0,2764800,829440,0.1972386493965535
oneshot_prune_seed0,0,oneshot_prune,14250,57,stage0.conv1,0,0.2999855324074074,0,0,27648,8294,0.0019722913750181022
oneshot_prune_seed0,0,oneshot_prune,14250,57,stage1.conv0,1,0.30000361689814814,0,0,55296,16589,0.003944820547404786
oneshot_prune_seed0,0,oneshot_prune,14250,57,stage1.conv1,1,0.30000361689814814,0,0,110592,33178,0.007889641094809573
oneshot_prune_seed0,0,oneshot_prune,14250,57,stage2.conv0,2,0.29999909577546297,0,0,221184,66355,0.015779044392250564
oneshot_prune_seed0,0,oneshot_prune,14250,57,stage2.conv1,2,0.29999909577546297,0,0,442368,132710,0.03155808878450113
oneshot_prune_seed0,0,oneshot_prune,14250,57,stage3.conv0,3,0.30000022605613424,0,0,884736,265421,0.06311641536637085
oneshot_prune_seed0,0,oneshot_prune,14250,57,stage3.conv1,3,0.30000022605613424,0,0,1769472,530842,0.1262328307327417
oneshot_prune_seed0,0,oneshot_prune,14250,57,stage4.conv0,4,0.3,0,0,2211840,663552,0.1577909195172428
oneshot_prune_seed0,0,oneshot_prune,14250,57,stage4.conv1,4,0.3,0,0,2764800,829440,0.1972386493965535
oneshot_prune_seed0,0,oneshot_prune,14250,57,stage5.conv0,5,0.3,0,0,2764800,829440,0.1972386493965535
oneshot_prune_seed0,0,oneshot_prune,14250,57,stage5.conv1,5,0.3,0,0,2764800,829440,0.1972386493965535
oneshot_prune_seed0,0,oneshot_prune,14500,58,stage0.conv1,0,0.2999855324074074,0,0,27648,8294,0.0019722913750181022
oneshot_prune_seed0,0,oneshot_prune,14500,58,stage1.conv0,1,0.30000361689814814,0,0,55296,16589,0.003944820547404786
oneshot_prune_seed0,0,oneshot_prune,14500,58,stage1.conv1,1,0.30000361689814814,0,0,110592,33178,0.007889641094809573
oneshot_prune_seed0,0,oneshot_prune,14500,58,stage2.conv0,2,0.29999909577546297,0,0,221184,66355,0.015779044392250564
oneshot_prune_seed0,0,oneshot_prune,14500,58,stage2.conv1,2,0.29999909577546297,0,0,442368,132710,0.03155808878450113
oneshot_prune_seed0,0,oneshot_prune,14500,58,stage3.conv0,3,0.30000022605613424,0,0,884736,265421,0.06311641536637085
oneshot_prune_seed0,0,oneshot_prune,14500,58,stage3.conv1,3,0.30000022605613424,0,0,1769472,530842,0.1262328307327417
oneshot_prune_seed0,0,oneshot_prune,14500,58,stage4.conv0,4,0.3,0,0,2211840,663552,0.1577909195172428
oneshot_prune_seed0,0,oneshot_prune,14500,58,stage4.conv1,4,0.3,0,0,2764800,829440,0.1972386493965535
oneshot_prune_seed0,0,oneshot_prune,14500,58,stage5.conv0,5,0.3,0,0,2764800,829440,0.1972386493965535
oneshot_prune_seed0,0,oneshot_prune,14500,58,stage5.conv1,5,0.3,0,0,2764800,829440,0.1972386493965535
oneshot_prune_seed0,0,oneshot_prune,14750,59,stage0.conv1,0,0.2999855324074074,0,0,27648,8294,0.0019722913750181022
oneshot_prune_seed0,0,oneshot_prune,14750,59,stage1.conv0,1,0.30000361689814814,0,0,55296,16589,0.003944820547404786
oneshot_prune_seed0,0,oneshot_prune,14750,59,stage1.conv1,1,0.30000361689814814,0,0,110592,33178,0.007889641094809573
oneshot_prune_seed0,0,oneshot_prune,14750,59,stage2.conv0,2,0.29999909577546297,0,0,221184,66355,0.015779044392250564
oneshot_prune_seed0,0,oneshot_prune,14750,59,stage2.conv1,2,0.29999909577546297,0,0,442368,132710,0.03155808878450113
oneshot_prune_seed0,0,oneshot_prune,14750,59,stage3.conv0,3,0.30000022605613424,0,0,884736,265421,0.06311641536637085
oneshot_prune_seed0,0,oneshot_prune,14750,59,stage3.conv1,3,0.30000022605613424,0,0,1769472,530842,0.1262328307327417
oneshot_prune_seed0,0,oneshot_prune,14750,59,stage4.conv0,4,0.3,0,0,2211840,663552,0.1577909195172428
oneshot_prune_seed0,0,oneshot_prune,14750,59,stage4.conv1,4,0.3,0,0,2764800,829440,0.1972386493965535
oneshot_prune_seed0,0,oneshot_prune,14750,59,stage5.conv0,5,0.3,0,0,2764800,829440,0.1972386493965535
oneshot_prune_seed0,0,oneshot_prune,14750,59,stage5.conv1,5,0.3,0,0,2764800,829440,0.1972386493965535
oneshot_prune_seed0,0,oneshot_prune,15000,60,stage0.conv1,0,0.2999855324074074,0,0,27648,8294,0.0019722913750181022
oneshot_prune_seed0,0,oneshot_prune,15000,60,stage1.conv0,1,0.30000361689814814,0,0,55296,16589,0.003944820547404786
oneshot_prune_seed0,0,oneshot_prune,15000,60,stage1.conv1,1,0.30000361689814814,0,0,110592,33178,0.007889641094809573
oneshot_prune_seed0,0,oneshot_prune,15000,60,stage2.conv0,2,0.29999909577546297,0,0,221184,66355,0.015779044392250564
oneshot_prune_seed0,0,oneshot_prune,15000,60,stage2.conv1,2,0.29999909577546297,0,0,442368,132710,0.03155808878450113
oneshot_prune_seed0,0,oneshot_prune,15000,60,stage3.conv0,3,0.30000022605613424,0,0,884736,265421,0.06311641536637085
oneshot_prune_seed0,0,oneshot_prune,15000,60,stage3.conv1,3,0.30000022605613424,0,0,1769472,530842,0.1262328307327417
oneshot_prune_seed0,0,oneshot_prune,15000,60,stage4.conv0,4,0.3,0,0,2211840,663552,0.1577909195172428
oneshot_prune_seed0,0,oneshot_prune,15000,60,stage4.conv1,4,0.3,0,0,2764800,829440,0.1972386493965535
oneshot_prune_seed0,0,oneshot_prune,15000,60,stage5.conv0,5,0.3,0,0,2764800,829440,0.1972386493965535
oneshot_prune_seed0,0,oneshot_prune,15000,60,stage5.conv1,5,0.3,0,0,2764800,829440,0.1972386493965535
oneshot_prune_seed0,0,oneshot_prune,15250,61,stage0.conv1,0,0.2999855324074074,0,0,27648,8294,0.0019722913750181022
oneshot_prune_seed0,0,oneshot_prune,15250,61,stage1.conv0,1,0.30000361689814814,0,0,55296,16589,0.003944820547404786
oneshot_prune_seed0,0,oneshot_prune,15250,61,stage1.conv1,1,0.30000361689814814,0,0,110592,33178,0.007889641094809573
oneshot_prune_seed0,0,oneshot_prune,15250,61,stage2.conv0,2,0.29999909577546297,0,0,221184,66355,0.015779044392250564
oneshot_prune_seed0,0,oneshot_prune,15250,61,stage2.conv1,2,0.29999909577546297,0,0,442368,132710,0.03155808878450113
oneshot_prune_seed0,0,oneshot_prune,15250,61,stage3.conv0,3,0.30000022605613424,0,0,884736,265421,0.06311641536637085
oneshot_prune_seed0,0,oneshot_prune,15250,61,stage3.conv1,3,0.30000022605613424,0,0,1769472,530842,0.1262328307327417
oneshot_prune_seed0,0,oneshot_prune,15250,61,stage4.conv0,4,0.3,0,0,2211840,663552,0.1577909195172428
oneshot_prune_seed0,0,oneshot_prune,15250,61,stage4.conv1,4,0.3,0,0,2764800,829440,0.1972386493965535
oneshot_prune_seed0,0,oneshot_prune,15250,61,stage5.conv0,5,0.3,0,0,2764800,829440,0.1972386493965535
oneshot_prune_seed0,0,oneshot_prune,15250,61,stage5.conv1,5,0.3,0,0,2764800,829440,0.1972386493965535
oneshot_prune_seed0,0,oneshot_prune,15500,62,stage0.conv1,0,0.2999855324074074,0,0,27648,8294,0.0019722913750181022
oneshot_prune_seed0,0,oneshot_prune,15500,62,stage1.conv0,1,0.30000361689814814,0,0,55296,16589,0.003944820547404786
oneshot_prune_seed0,0,oneshot_prune,15500,62,stage1.conv1,1,0.30000361689814814,0,0,110592,33178,0.007889641094809573
oneshot_prune_seed0,0,oneshot_prune,15500,62,stage2.conv0,2,0.29999909577546297,0,0,221184,66355,0.015779044392250564
oneshot_prune_seed0,0,oneshot_prune,15500,62,stage2.conv1,2,0.29999909577546297,0,0,442368,132710,0.03155808878450113
oneshot_prune_seed0,0,oneshot_prune,15500,62,stage3.conv0,3,0.30000022605613424,0,0,884736,265421,0.06311641536637085
oneshot_prune_seed0,0,oneshot_prune,15500,62,stage3.conv1,3,0.30000022605613424,0,0,1769472,530842,0.1262328307327417
oneshot_prune_seed0,0,oneshot_prune,15500,62,stage4.conv0,4,0.3,0,0,2211840,663552,0.1577909195172428
oneshot_prune_seed0,0,oneshot_prune,15500,62,stage4.conv1,4,0.3,0,0,2764800,829440,0.1972386493965535
oneshot_prune_seed0,0,oneshot_prune,15500,62,stage5.conv0,5,0.3,0,0,2764800,829440,0.1972386493965535
oneshot_prune_seed0,0,oneshot_prune,15500,62,stage5.conv1,5,0.3,0,0,2764800,829440,0.1972386493965535
oneshot_prune_seed0,0,oneshot_prune,15500,62,stage0.conv1,0,0.2999855324074074,0,0,27648,8294,0.0019722913750181022
oneshot_prune_seed0,0,oneshot_prune,15500,62,stage1.conv0,1,0.30000361689814814,0,0,55296,16589,0.003944820547404786
oneshot_prune_seed0,0,oneshot_prune,15500,62,stage1.conv1,1,0.30000361689814814,0,0,110592,33178,0.007889641094809573
oneshot_prune_seed0,0,oneshot_prune,15500,62,stage2.conv0,2,0.29999909577546297,0,0,221184,66355,0.015779044392250564
oneshot_prune_seed0,0,oneshot_prune,15500,62,stage2.conv1,2,0.29999909577546297,0,0,442368,132710,0.03155808878450113
oneshot_prune_seed0,0,oneshot_prune,15500,62,stage3.conv0,3,0.30000022605613424,0,0,884736,265421,0.06311641536637085
oneshot_prune_seed0,0,oneshot_prune,15500,62,stage3.conv1,3,0.30000022605613424,0,0,1769472,530842,0.1262328307327417
oneshot_prune_seed0,0,oneshot_prune,15500,62,stage4.conv0,4,0.3,0,0,2211840,663552,0.1577909195172428
oneshot_prune_seed0,0,oneshot_prune,15500,62,stage4.conv1,4,0.3,0,0,2764800,829440,0.1972386493965535
oneshot_prune_seed0,0,oneshot_prune,15500,62,stage5.conv0,5,0.3,0,0,2764800,829440,0.1972386493965535
oneshot_prune_seed0,0,oneshot_prune,15500,62,stage5.conv1,5,0.3,0,0,2764800,829440,0.1972386493965535
oneshot_prune_seed0,0,oneshot_prune,15500,62,stage0.conv1,0,0.2999855324074074,0,0,27648,8294,0.0019722913750181022
oneshot_prune_seed0,0,oneshot_prune,15500,62,stage1.conv0,1,0.30000361689814814,0,0,55296,16589,0.003944820547404786
oneshot_prune_seed0,0,oneshot_prune,15500,62,stage1.conv1,1,0.30000361689814814,0,0,110592,33178,0.007889641094809573
oneshot_prune_seed0,0,oneshot_prune,15500,62,stage2.conv0,2,0.29999909577546297,0,0,221184,66355,0.015779044392250564
oneshot_prune_seed0,0,oneshot_prune,15500,62,stage2.conv1,2,0.29999909577546297,0,0,442368,132710,0.03155808878450113
oneshot_prune_seed0,0,oneshot_prune,15500,62,stage3.conv0,3,0.30000022605613424,0,0,884736,265421,0.06311641536637085
oneshot_prune_seed0,0,oneshot_prune,15500,62,stage3.conv1,3,0.30000022605613424,0,0,1769472,530842,0.1262328307327417
oneshot_prune_seed0,0,oneshot_prune,15500,62,stage4.conv0,4,0.3,0,0,2211840,663552,0.1577909195172428
oneshot_prune_seed0,0,oneshot_prune,15500,62,stage4.conv1,4,0.3,0,0,2764800,829440,0.1972386493965535
oneshot_prune_seed0,0,oneshot_prune,15500,62,stage5.conv0,5,0.3,0,0,2764800,829440,0.1972386493965535
oneshot_prune_seed0,0,oneshot_prune,15500,62,stage5.conv1,5,0.3,0,0,2764800,829440,0.1972386493965535
oneshot_prune_seed0,0,oneshot_prune,15750,63,stage0.conv1,0,0.2999855324074074,0,0,27648,8294,0.0019722913750181022
oneshot_prune_seed0,0,oneshot_prune,15750,63,stage1.conv0,1,0.30000361689814814,0,0,55296,16589,0.003944820547404786
oneshot_prune_seed0,0,oneshot_prune,15750,63,stage1.conv1,1,0.30000361689814814,0,0,110592,33178,0.007889641094809573
oneshot_prune_seed0,0,oneshot_prune,15750,63,stage2.conv0,2,0.29999909577546297,0,0,221184,66355,0.015779044392250564
oneshot_prune_seed0,0,oneshot_prune,15750,63,stage2.conv1,2,0.29999909577546297,0,0,442368,132710,0.03155808878450113
oneshot_prune_seed0,0,oneshot_prune,15750,63,stage3.conv0,3,0.30000022605613424,0,0,884736,265421,0.06311641536637085
oneshot_prune_seed0,0,oneshot_prune,15750,63,stage3.conv1,3,0.30000022605613424,0,0,1769472,530842,0.1262328307327417
oneshot_prune_seed0,0,oneshot_prune,15750,63,stage4.conv0,4,0.3,0,0,2211840,663552,0.1577909195172428
oneshot_prune_seed0,0,oneshot_prune,15750,63,stage4.conv1,4,0.3,0,0,2764800,829440,0.1972386493965535
oneshot_prune_seed0,0,oneshot_prune,15750,63,stage5.conv0,5,0.3,0,0,2764800,829440,0.1972386493965535
oneshot_prune_seed0,0,oneshot_prune,15750,63,stage5.conv1,5,0.3,0,0,2764800,829440,0.1972386493965535
oneshot_prune_seed0,0,oneshot_prune,16000,64,stage0.conv1,0,0.2999855324074074,0,0,27648,8294,0.0019722913750181022
oneshot_prune_seed0,0,oneshot_prune,16000,64,stage1.conv0,1,0.30000361689814814,0,0,55296,16589,0.003944820547404786
oneshot_prune_seed0,0,oneshot_prune,16000,64,stage1.conv1,1,0.30000361689814814,0,0,110592,33178,0.007889641094809573
oneshot_prune_seed0,0,oneshot_prune,16000,64,stage2.conv0,2,0.29999909577546297,0,0,221184,66355,0.015779044392250564
oneshot_prune_seed0,0,oneshot_prune,16000,64,stage2.conv1,2,0.29999909577546297,0,0,442368,132710,0.03155808878450113
oneshot_prune_seed0,0,oneshot_prune,16000,64,stage3.conv0,3,0.30000022605613424,0,0,884736,265421,0.06311641536637085
oneshot_prune_seed0,0,oneshot_prune,16000,64,stage3.conv1,3,0.30000022605613424,0,0,1769472,530842,0.1262328307327417
oneshot_prune_seed0,0,oneshot_prune,16000,64,stage4.conv0,4,0.3,0,0,2211840,663552,0.1577909195172428
oneshot_prune_seed0,0,oneshot_prune,16000,64,stage4.conv1,4,0.3,0,0,2764800,829440,0.1972386493965535
oneshot_prune_seed0,0,oneshot_prune,16000,64,stage5.conv0,5,0.3,0,0,2764800,829440,0.1972386493965535
oneshot_prune_seed0,0,oneshot_prune,16000,64,stage5.conv1,5,0.3,0,0,2764800,829440,0.1972386493965535
oneshot_prune_seed0,0,oneshot_prune,16250,65,stage0.conv1,0,0.2999855324074074,0,0,27648,8294,0.0019722913750181022
oneshot_prune_seed0,0,oneshot_prune,16250,65,stage1.conv0,1,0.30000361689814814,0,0,55296,16589,0.003944820547404786
oneshot_prune_seed0,0,oneshot_prune,16250,65,stage1.conv1,1,0.30000361689814814,0,0,110592,33178,0.007889641094809573
oneshot_prune_seed0,0,oneshot_prune,16250,65,stage2.conv0,2,0.29999909577546297,0,0,221184,66355,0.015779044392250564
oneshot_prune_seed0,0,oneshot_prune,16250,65,stage2.conv1,2,0.29999909577546297,0,0,442368,132710,0.03155808878450113
oneshot_prune_seed0,0,oneshot_prune,16250,65,stage3.conv0,3,0.30000022605613424,0,0,884736,265421,0.06311641536637085
oneshot_prune_seed0,0,oneshot_prune,16250,65,stage3.conv1,3,0.30000022605613424,0,0,1769472,530842,0.1262328307327417
oneshot_prune_seed0,0,oneshot_prune,16250,65,stage4.conv0,4,0.3,0,0,2211840,663552,0.1577909195172428
oneshot_prune_seed0,0,oneshot_prune,16250,65,stage4.conv1,4,0.3,0,0,2764800,829440,0.1972386493965535
oneshot_prune_seed0,0,oneshot_prune,16250,65,stage5.conv0,5,0.3,0,0,2764800,829440,0.1972386493965535
oneshot_prune_seed0,0,oneshot_prune,16250,65,stage5.conv1,5,0.3,0,0,2764800,829440,0.1972386493965535
oneshot_prune_seed0,0,oneshot_prune,16500,66,stage0.conv1,0,0.2999855324074074,0,0,27648,8294,0.0019722913750181022
oneshot_prune_seed0,0,oneshot_prune,16500,66,stage1.conv0,1,0.30000361689814814,0,0,55296,16589,0.003944820547404786
oneshot_prune_seed0,0,oneshot_prune,16500,66,stage1.conv1,1,0.30000361689814814,0,0,110592,33178,0.007889641094809573
oneshot_prune_seed0,0,oneshot_prune,16500,66,stage2.conv0,2,0.29999909577546297,0,0,221184,66355,0.015779044392250564
oneshot_prune_seed0,0,oneshot_prune,16500,66,stage2.conv1,2,0.29999909577546297,0,0,442368,132710,0.03155808878450113
oneshot_prune_seed0,0,oneshot_prune,16500,66,stage3.conv0,3,0.30000022605613424,0,0,884736,265421,0.06311641536637085
oneshot_prune_seed0,0,oneshot_prune,16500,66,stage3.conv1,3,0.30000022605613424,0,0,1769472,530842,0.1262328307327417
oneshot_prune_seed0,0,oneshot_prune,16500,66,stage4.conv0,4,0.3,0,0,2211840,663552,0.1577909195172428
oneshot_prune_seed0,0,oneshot_prune,16500,66,stage4.conv1,4,0.3,0,0,2764800,829440,0.1972386493965535
oneshot_prune_seed0,0,oneshot_prune,16500,66,stage5.conv0,5,0.3,0,0,2764800,829440,0.1972386493965535
oneshot_prune_seed0,0,oneshot_prune,16500,66,stage5.conv1,5,0.3,0,0,2764800,829440,0.1972386493965535
oneshot_prune_seed0,0,oneshot_prune,16750,67,stage0.conv1,0,0.2999855324074074,0,0,27648,8294,0.0019722913750181022
oneshot_prune_seed0,0,oneshot_prune,16750,67,stage1.conv0,1,0.30000361689814814,0,0,55296,16589,0.003944820547404786
oneshot_prune_seed0,0,oneshot_prune,16750,67,stage1.conv1,1,0.30000361689814814,0,0,110592,33178,0.007889641094809573
oneshot_prune_seed0,0,oneshot_prune,16750,67,stage2.conv0,2,0.29999909577546297,0,0,221184,66355,0.015779044392250564
oneshot_prune_seed0,0,oneshot_prune,16750,67,stage2.conv1,2,0.29999909577546297,0,0,442368,132710,0.03155808878450113
oneshot_prune_seed0,0,oneshot_prune,16750,67,stage3.conv0,3,0.30000022605613424,0,0,884736,265421,0.06311641536637085
oneshot_prune_seed0,0,oneshot_prune,16750,67,stage3.conv1,3,0.30000022605613424,0,0,1769472,530842,0.1262328307327417
oneshot_prune_seed0,0,oneshot_prune,16750,67,stage4.conv0,4,0.3,0,0,2211840,663552,0.1577909195172428
oneshot_prune_seed0,0,oneshot_prune,16750,67,stage4.conv1,4,0.3,0,0,2764800,829440,0.1972386493965535
oneshot_prune_seed0,0,oneshot_prune,16750,67,stage5.conv0,5,0.3,0,0,2764800,829440,0.1972386493965535
oneshot_prune_seed0,0,oneshot_prune,16750,67,stage5.conv1,5,0.3,0,0,2764800,829440,0.1972386493965535
oneshot_prune_seed0,0,oneshot_prune,17000,68,stage0.conv1,0,0.2999855324074074,0,0,27648,8294,0.0019722913750181022
oneshot_prune_seed0,0,oneshot_prune,17000,68,stage1.conv0,1,0.30000361689814814,0,0,55296,16589,0.003944820547404786
oneshot_prune_seed0,0,oneshot_prune,17000,68,stage1.conv1,1,0.30000361689814814,0,0,110592,33178,0.007889641094809573
oneshot_prune_seed0,0,oneshot_prune,17000,68,stage2.conv0,2,0.29999909577546297,0,0,221184,66355,0.015779044392250564
oneshot_prune_seed0,0,oneshot_prune,17000,68,stage2.conv1,2,0.29999909577546297,0,0,442368,132710,0.03155808878450113
oneshot_prune_seed0,0,oneshot_prune,17000,68,stage3.conv0,3,0.30000022605613424,0,0,884736,265421,0.06311641536637085
oneshot_prune_seed0,0,oneshot_prune,17000,68,stage3.conv1,3,0.30000022605613424,0,0,1769472,530842,0.1262328307327417
oneshot_prune_seed0,0,oneshot_prune,17000,68,stage4.conv0,4,0.3,0,0,2211840,663552,0.1577909195172428
oneshot_prune_seed0,0,oneshot_prune,17000,68,stage4.conv1,4,0.3,0,0,2764800,829440,0.1972386493965535
oneshot_prune_seed0,0,oneshot_prune,17000,68,stage5.conv0,5,0.3,0,0,2764800,829440,0.1972386493965535
oneshot_prune_seed0,0,oneshot_prune,17000,68,stage5.conv1,5,0.3,0,0,2764800,829440,0.1972386493965535
oneshot_prune_seed0,0,oneshot_prune,17250,69,stage0.conv1,0,0.2999855324074074,0,0,27648,8294,0.0019722913750181022
oneshot_prune_seed0,0,oneshot_prune,17250,69,stage1.conv0,1,0.30000361689814814,0,0,55296,16589,0.003944820547404786
oneshot_prune_seed0,0,oneshot_prune,17250,69,stage1.conv1,1,0.30000361689814814,0,0,110592,33178,0.007889641094809573
oneshot_prune_seed0,0,oneshot_prune,17250,69,stage2.conv0,2,0.29999909577546297,0,0,221184,66355,0.015779044392250564
oneshot_prune_seed0,0,oneshot_prune,17250,69,stage2.conv1,2,0.29999909577546297,0,0,442368,132710,0.03155808878450113
oneshot_prune_seed0,0,oneshot_prune,17250,69,stage3.conv0,3,0.30000022605613424,0,0,884736,265421,0.06311641536637085
oneshot_prune_seed0,0,oneshot_prune,17250,69,stage3.conv1,3,0.30000022605613424,0,0,1769472,530842,0.1262328307327417
oneshot_prune_seed0,0,oneshot_prune,17250,69,stage4.conv0,4,0.3,0,0,2211840,663552,0.1577909195172428
oneshot_prune_seed0,0,oneshot_prune,17250,69,stage4.conv1,4,0.3,0,0,2764800,829440,0.1972386493965535
oneshot_prune_seed0,0,oneshot_prune,17250,69,stage5.conv0,5,0.3,0,0,2764800,829440,0.1972386493965535
oneshot_prune_seed0,0,oneshot_prune,17250,69,stage5.conv1,5,0.3,0,0,2764800,829440,0.1972386493965535
oneshot_prune_seed0,0,oneshot_prune,17500,70,stage0.conv1,0,0.2999855324074074,0,0,27648,8294,0.0019722913750181022
oneshot_prune_seed0,0,oneshot_prune,17500,70,stage1.conv0,1,0.30000361689814814,0,0,55296,16589,0.003944820547404786
oneshot_prune_seed0,0,oneshot_prune,17500,70,stage1.conv1,1,0.30000361689814814,0,0,110592,33178,0.007889641094809573
oneshot_prune_seed0,0,oneshot_prune,17500,70,stage2.conv0,2,0.29999909577546297,0,0,221184,66355,0.015779044392250564
oneshot_prune_seed0,0,oneshot_prune,17500,70,stage2.conv1,2,0.29999909577546297,0,0,442368,132710,0.03155808878450113
oneshot_prune_seed0,0,oneshot_prune,17500,70,stage3.conv0,3,0.30000022605613424,0,0,884736,265421,0.06311641536637085
oneshot_prune_seed0,0,oneshot_prune,17500,70,stage3.conv1,3,0.30000022605613424,0,0,1769472,530842,0.1262328307327417
oneshot_prune_seed0,0,oneshot_prune,17500,70,stage4.conv0,4,0.3,0,0,2211840,663552,0.1577909195172428
oneshot_prune_seed0,0,oneshot_prune,17500,70,stage4.conv1,4,0.3,0,0,2764800,829440,0.1972386493965535
oneshot_prune_seed0,0,oneshot_prune,17500,70,stage5.conv0,5,0.3,0,0,2764800,829440,0.1972386493965535
oneshot_prune_seed0,0,oneshot_prune,17500,70,stage5.conv1,5,0.3,0,0,2764800,829440,0.1972386493965535
oneshot_prune_seed0,0,oneshot_prune,17750,71,stage0.conv1,0,0.2999855324074074,0,0,27648,8294,0.0019722913750181022
oneshot_prune_seed0,0,oneshot_prune,17750,71,stage1.conv0,1,0.30000361689814814,0,0,55296,16589,0.003944820547404786
oneshot_prune_seed0,0,oneshot_prune,17750,71,stage1.conv1,1,0.30000361689814814,0,0,110592,33178,0.007889641094809573
oneshot_prune_seed0,0,oneshot_prune,17750,71,stage2.conv0,2,0.29999909577546297,0,0,221184,66355,0.015779044392250564
oneshot_prune_seed0,0,oneshot_prune,17750,71,stage2.conv1,2,0.29999909577546297,0,0,442368,132710,0.03155808878450113
oneshot_prune_seed0,0,oneshot_prune,17750,71,stage3.conv0,3,0.30000022605613424,0,0,884736,265421,0.06311641536637085
oneshot_prune_seed0,0,oneshot_prune,17750,71,stage3.conv1,3,0.30000022605613424,0,0,1769472,530842,0.1262328307327417
oneshot_prune_seed0,0,oneshot_prune,17750,71,stage4.conv0,4,0.3,0,0,2211840,663552,0.1577909195172428
oneshot_prune_seed0,0,oneshot_prune,17750,71,stage4.conv1,4,0.3,0,0,2764800,829440,0.1972386493965535
oneshot_prune_seed0,0,oneshot_prune,17750,71,stage5.conv0,5,0.3,0,0,2764800,829440,0.1972386493965535
oneshot_prune_seed0,0,oneshot_prune,17750,71,stage5.conv1,5,0.3,0,0,2764800,829440,0.1972386493965535
oneshot_prune_seed0,0,oneshot_prune,18000,72,stage0.conv1,0,0.2999855324074074,0,0,27648,8294,0.0019722913750181022
oneshot_prune_seed0,0,oneshot_prune,18000,72,stage1.conv0,1,0.30000361689814814,0,0,55296,16589,0.003944820547404786
oneshot_prune_seed0,0,oneshot_prune,18000,72,stage1.conv1,1,0.30000361689814814,0,0,110592,33178,0.007889641094809573
oneshot_prune_seed0,0,oneshot_prune,18000,72,stage2.conv0,2,0.29999909577546297,0,0,221184,66355,0.015779044392250564
oneshot_prune_seed0,0,oneshot_prune,18000,72,stage2.conv1,2,0.29999909577546297,0,0,442368,132710,0.03155808878450113
oneshot_prune_seed0,0,oneshot_prune,18000,72,stage3.conv0,3,0.30000022605613424,0,0,884736,265421,0.06311641536637085
oneshot_prune_seed0,0,oneshot_prune,18000,72,stage3.conv1,3,0.30000022605613424,0,0,1769472,530842,0.1262328307327417
oneshot_prune_seed0,0,oneshot_prune,18000,72,stage4.conv0,4,0.3,0,0,2211840,663552,0.1577909195172428
oneshot_prune_seed0,0,oneshot_prune,18000,72,stage4.conv1,4,0.3,0,0,2764800,829440,0.1972386493965535
oneshot_prune_seed0,0,oneshot_prune,18000,72,stage5.conv0,5,0.3,0,0,2764800,829440,0.1972386493965535
oneshot_prune_seed0,0,oneshot_prune,18000,72,stage5.conv1,5,0.3,0,0,2764800,829440,0.1972386493965535
oneshot_prune_seed0,0,oneshot_prune,18250,73,stage0.conv1,0,0.2999855324074074,0,0,27648,8294,0.0019722913750181022
oneshot_prune_seed0,0,oneshot_prune,18250,73,stage1.conv0,1,0.30000361689814814,0,0,55296,16589,0.003944820547404786
oneshot_prune_seed0,0,oneshot_prune,18250,73,stage1.conv1,1,0.30000361689814814,0,0,110592,33178,0.007889641094809573
oneshot_prune_seed0,0,oneshot_prune,18250,73,stage2.conv0,2,0.29999909577546297,0,0,221184,66355,0.015779044392250564
oneshot_prune_seed0,0,oneshot_prune,18250,73,stage2.conv1,2,0.29999909577546297,0,0,442368,132710,0.03155808878450113
oneshot_prune_seed0,0,oneshot_prune,18250,73,stage3.conv0,3,0.30000022605613424,0,0,884736,265421,0.06311641536637085
oneshot_prune_seed0,0,oneshot_prune,18250,73,stage3.conv1,3,0.30000022605613424,0,0,1769472,530842,0.1262328307327417
oneshot_prune_seed0,0,oneshot_prune,18250,73,stage4.conv0,4,0.3,0,0,2211840,663552,0.1577909195172428
oneshot_prune_seed0,0,oneshot_prune,18250,73,stage4.conv1,4,0.3,0,0,2764800,829440,0.1972386493965535
oneshot_prune_seed0,0,oneshot_prune,18250,73,stage5.conv0,5,0.3,0,0,2764800,829440,0.1972386493965535
oneshot_prune_seed0,0,oneshot_prune,18250,73,stage5.conv1,5,0.3,0,0,2764800,829440,0.1972386493965535
oneshot_prune_seed0,0,oneshot_prune,18500,74,stage0.conv1,0,0.2999855324074074,0,0,27648,8294,0.0019722913750181022
oneshot_prune_seed0,0,oneshot_prune,18500,74,stage1.conv0,1,0.30000361689814814,0,0,55296,16589,0.003944820547404786
oneshot_prune_seed0,0,oneshot_prune,18500,74,stage1.conv1,1,0.30000361689814814,0,0,110592,33178,0.007889641094809573
oneshot_prune_seed0,0,oneshot_prune,18500,74,stage2.conv0,2,0.29999909577546297,0,0,221184,66355,0.015779044392250564
oneshot_prune_seed0,0,oneshot_prune,18500,74,stage2.conv1,2,0.29999909577546297,0,0,442368,132710,0.03155808878450113
oneshot_prune_seed0,0,oneshot_prune,18500,74,stage3.conv0,3,0.30000022605613424,0,0,884736,265421,0.06311641536637085
oneshot_prune_seed0,0,oneshot_prune,18500,74,stage3.conv1,3,0.30000022605613424,0,0,1769472,530842,0.1262328307327417
oneshot_prune_seed0,0,oneshot_prune,18500,74,stage4.conv0,4,0.3,0,0,2211840,663552,0.1577909195172428
oneshot_prune_seed0,0,oneshot_prune,18500,74,stage4.conv1,4,0.3,0,0,2764800,829440,0.1972386493965535
oneshot_prune_seed0,0,oneshot_prune,18500,74,stage5.conv0,5,0.3,0,0,2764800,829440,0.1972386493965535
oneshot_prune_seed0,0,oneshot_prune,18500,74,stage5.conv1,5,0.3,0,0,2764800,829440,0.1972386493965535
oneshot_prune_seed0,0,oneshot_prune,18750,75,stage0.conv1,0,0.2999855324074074,0,0,27648,8294,0.0019722913750181022
oneshot_prune_seed0,0,oneshot_prune,18750,75,stage1.conv0,1,0.30000361689814814,0,0,55296,16589,0.003944820547404786
oneshot_prune_seed0,0,oneshot_prune,18750,75,stage1.conv1,1,0.30000361689814814,0,0,110592,33178,0.007889641094809573
oneshot_prune_seed0,0,oneshot_prune,18750,75,stage2.conv0,2,0.29999909577546297,0,0,221184,66355,0.015779044392250564
oneshot_prune_seed0,0,oneshot_prune,18750,75,stage2.conv1,2,0.29999909577546297,0,0,442368,132710,0.03155808878450113
oneshot_prune_seed0,0,oneshot_prune,18750,75,stage3.conv0,3,0.30000022605613424,0,0,884736,265421,0.06311641536637085
oneshot_prune_seed0,0,oneshot_prune,18750,75,stage3.conv1,3,0.30000022605613424,0,0,1769472,530842,0.1262328307327417
oneshot_prune_seed0,0,oneshot_prune,18750,75,stage4.conv0,4,0.3,0,0,2211840,663552,0.1577909195172428
oneshot_prune_seed0,0,oneshot_prune,18750,75,stage4.conv1,4,0.3,0,0,2764800,829440,0.1972386493965535
oneshot_prune_seed0,0,oneshot_prune,18750,75,stage5.conv0,5,0.3,0,0,2764800,829440,0.1972386493965535
oneshot_prune_seed0,0,oneshot_prune,18750,75,stage5.conv1,5,0.3,0,0,2764800,829440,0.1972386493965535
oneshot_prune_seed0,0,oneshot_prune,19000,76,stage0.conv1,0,0.2999855324074074,0,0,27648,8294,0.0019722913750181022
oneshot_prune_seed0,0,oneshot_prune,19000,76,stage1.conv0,1,0.30000361689814814,0,0,55296,16589,0.003944820547404786
oneshot_prune_seed0,0,oneshot_prune,19000,76,stage1.conv1,1,0.30000361689814814,0,0,110592,33178,0.007889641094809573
oneshot_prune_seed0,0,oneshot_prune,19000,76,stage2.conv0,2,0.29999909577546297,0,0,221184,66355,0.015779044392250564
oneshot_prune_seed0,0,oneshot_prune,19000,76,stage2.conv1,2,0.29999909577546297,0,0,442368,132710,0.03155808878450113
oneshot_prune_seed0,0,oneshot_prune,19000,76,stage3.conv0,3,0.30000022605613424,0,0,884736,265421,0.06311641536637085
oneshot_prune_seed0,0,oneshot_prune,19000,76,stage3.conv1,3,0.30000022605613424,0,0,1769472,530842,0.1262328307327417
oneshot_prune_seed0,0,oneshot_prune,19000,76,stage4.conv0,4,0.3,0,0,2211840,663552,0.1577909195172428
oneshot_prune_seed0,0,oneshot_prune,19000,76,stage4.conv1,4,0.3,0,0,2764800,829440,0.1972386493965535
oneshot_prune_seed0,0,oneshot_prune,19000,76,stage5.conv0,5,0.3,0,0,2764800,829440,0.1972386493965535
oneshot_prune_seed0,0,oneshot_prune,19000,76,stage5.conv1,5,0.3,0,0,2764800,829440,0.1972386493965535
oneshot_prune_seed0,0,oneshot_prune,19250,77,stage0.conv1,0,0.2999855324074074,0,0,27648,8294,0.0019722913750181022
oneshot_prune_seed0,0,oneshot_prune,19250,77,stage1.conv0,1,0.30000361689814814,0,0,55296,16589,0.003944820547404786
oneshot_prune_seed0,0,oneshot_prune,19250,77,stage1.conv1,1,0.30000361689814814,0,0,110592,33178,0.007889641094809573
oneshot_prune_seed0,0,oneshot_prune,19250,77,stage2.conv0,2,0.29999909577546297,0,0,221184,66355,0.015779044392250564
oneshot_prune_seed0,0,oneshot_prune,19250,77,stage2.conv1,2,0.29999909577546297,0,0,442368,132710,0.03155808878450113
oneshot_prune_seed0,0,oneshot_prune,19250,77,stage3.conv0,3,0.30000022605613424,0,0,884736,265421,0.06311641536637085
oneshot_prune_seed0,0,oneshot_prune,19250,77,stage3.conv1,3,0.30000022605613424,0,0,1769472,530842,0.1262328307327417
oneshot_prune_seed0,0,oneshot_prune,19250,77,stage4.conv0,4,0.3,0,0,2211840,663552,0.1577909195172428
oneshot_prune_seed0,0,oneshot_prune,19250,77,stage4.conv1,4,0.3,0,0,2764800,829440,0.1972386493965535
oneshot_prune_seed0,0,oneshot_prune,19250,77,stage5.conv0,5,0.3,0,0,2764800,829440,0.1972386493965535
oneshot_prune_seed0,0,oneshot_prune,19250,77,stage5.conv1,5,0.3,0,0,2764800,829440,0.1972386493965535
oneshot_prune_seed0,0,oneshot_prune,19500,78,stage0.conv1,0,0.2999855324074074,0,0,27648,8294,0.0019722913750181022
oneshot_prune_seed0,0,oneshot_prune,19500,78,stage1.conv0,1,0.30000361689814814,0,0,55296,16589,0.003944820547404786
oneshot_prune_seed0,0,oneshot_prune,19500,78,stage1.conv1,1,0.30000361689814814,0,0,110592,33178,0.007889641094809573
oneshot_prune_seed0,0,oneshot_prune,19500,78,stage2.conv0,2,0.29999909577546297,0,0,221184,66355,0.015779044392250564
oneshot_prune_seed0,0,oneshot_prune,19500,78,stage2.conv1,2,0.29999909577546297,0,0,442368,132710,0.03155808878450113
oneshot_prune_seed0,0,oneshot_prune,19500,78,stage3.conv0,3,0.30000022605613424,0,0,884736,265421,0.06311641536637085
oneshot_prune_seed0,0,oneshot_prune,19500,78,stage3.conv1,3,0.30000022605613424,0,0,1769472,530842,0.1262328307327417
oneshot_prune_seed0,0,oneshot_prune,19500,78,stage4.conv0,4,0.3,0,0,2211840,663552,0.1577909195172428
oneshot_prune_seed0,0,oneshot_prune,19500,78,stage4.conv1,4,0.3,0,0,2764800,829440,0.1972386493965535
oneshot_prune_seed0,0,oneshot_prune,19500,78,stage5.conv0,5,0.3,0,0,2764800,829440,0.1972386493965535
oneshot_prune_seed0,0,oneshot_prune,19500,78,stage5.conv1,5,0.3,0,0,2764800,829440,0.1972386493965535
oneshot_prune_seed0,0,oneshot_prune,19750,79,stage0.conv1,0,0.2999855324074074,0,0,27648,8294,0.0019722913750181022
oneshot_prune_seed0,0,oneshot_prune,19750,79,stage1.conv0,1,0.30000361689814814,0,0,55296,16589,0.003944820547404786
oneshot_prune_seed0,0,oneshot_prune,19750,79,stage1.conv1,1,0.30000361689814814,0,0,110592,33178,0.007889641094809573
oneshot_prune_seed0,0,oneshot_prune,19750,79,stage2.conv0,2,0.29999909577546297,0,0,221184,66355,0.015779044392250564
oneshot_prune_seed0,0,oneshot_prune,19750,79,stage2.conv1,2,0.29999909577546297,0,0,442368,132710,0.03155808878450113
oneshot_prune_seed0,0,oneshot_prune,19750,79,stage3.conv0,3,0.30000022605613424,0,0,884736,265421,0.06311641536637085
oneshot_prune_seed0,0,oneshot_prune,19750,79,stage3.conv1,3,0.30000022605613424,0,0,1769472,530842,0.1262328307327417
oneshot_prune_seed0,0,oneshot_prune,19750,79,stage4.conv0,4,0.3,0,0,2211840,663552,0.1577909195172428
oneshot_prune_seed0,0,oneshot_prune,19750,79,stage4.conv1,4,0.3,0,0,2764800,829440,0.1972386493965535
oneshot_prune_seed0,0,oneshot_prune,19750,79,stage5.conv0,5,0.3,0,0,2764800,829440,0.1972386493965535
oneshot_prune_seed0,0,oneshot_prune,19750,79,stage5.conv1,5,0.3,0,0,2764800,829440,0.1972386493965535
oneshot_prune_seed0,0,oneshot_prune,20000,80,stage0.conv1,0,0.2999855324074074,0,0,27648,8294,0.0019722913750181022
oneshot_prune_seed0,0,oneshot_prune,20000,80,stage1.conv0,1,0.30000361689814814,0,0,55296,16589,0.003944820547404786
oneshot_prune_seed0,0,oneshot_prune,20000,80,stage1.conv1,1,0.30000361689814814,0,0,110592,33178,0.007889641094809573
oneshot_prune_seed0,0,oneshot_prune,20000,80,stage2.conv0,2,0.29999909577546297,0,0,221184,66355,0.015779044392250564
oneshot_prune_seed0,0,oneshot_prune,20000,80,stage2.conv1,2,0.29999909577546297,0,0,442368,132710,0.03155808878450113
oneshot_prune_seed0,0,oneshot_prune,20000,80,stage3.conv0,3,0.30000022605613424,0,0,884736,265421,0.06311641536637085
oneshot_prune_seed0,0,oneshot_prune,20000,80,stage3.conv1,3,0.30000022605613424,0,0,1769472,530842,0.1262328307327417
oneshot_prune_seed0,0,oneshot_prune,20000,80,stage4.conv0,4,0.3,0,0,2211840,663552,0.1577909195172428
oneshot_prune_seed0,0,oneshot_prune,20000,80,stage4.conv1,4,0.3,0,0,2764800,829440,0.1972386493965535
oneshot_prune_seed0,0,oneshot_prune,20000,80,stage5.conv0,5,0.3,0,0,2764800,829440,0.1972386493965535
oneshot_prune_seed0,0,oneshot_prune,20000,80,stage5.conv1,5,0.3,0,0,2764800,829440,0.1972386493965535
oneshot_prune_seed0,0,oneshot_prune,20250,81,stage0.conv1,0,0.2999855324074074,0,0,27648,8294,0.0019722913750181022
oneshot_prune_seed0,0,oneshot_prune,20250,81,stage1.conv0,1,0.30000361689814814,0,0,55296,16589,0.003944820547404786
oneshot_prune_seed0,0,oneshot_prune,20250,81,stage1.conv1,1,0.30000361689814814,0,0,110592,33178,0.007889641094809573
oneshot_prune_seed0,0,oneshot_prune,20250,81,stage2.conv0,2,0.29999909577546297,0,0,221184,66355,0.015779044392250564
oneshot_prune_seed0,0,oneshot_prune,20250,81,stage2.conv1,2,0.29999909577546297,0,0,442368,132710,0.03155808878450113
oneshot_prune_seed0,0,oneshot_prune,20250,81,stage3.conv0,3,0.30000022605613424,0,0,884736,265421,0.06311641536637085
oneshot_prune_seed0,0,oneshot_prune,20250,81,stage3.conv1,3,0.30000022605613424,0,0,1769472,530842,0.1262328307327417
oneshot_prune_seed0,0,oneshot_prune,20250,81,stage4.conv0,4,0.3,0,0,2211840,663552,0.1577909195172428
oneshot_prune_seed0,0,oneshot_prune,20250,81,stage4.conv1,4,0.3,0,0,2764800,829440,0.1972386493965535
oneshot_prune_seed0,0,oneshot_prune,20250,81,stage5.conv0,5,0.3,0,0,2764800,829440,0.1972386493965535
oneshot_prune_seed0,0,oneshot_prune,20250,81,stage5.conv1,5,0.3,0,0,2764800,829440,0.1972386493965535
oneshot_prune_seed0,0,oneshot_prune,20500,82,stage0.conv1,0,0.2999855324074074,0,0,27648,8294,0.0019722913750181022
oneshot_prune_seed0,0,oneshot_prune,20500,82,stage1.conv0,1,0.30000361689814814,0,0,55296,16589,0.003944820547404786
oneshot_prune_seed0,0,oneshot_prune,20500,82,stage1.conv1,1,0.30000361689814814,0,0,110592,33178,0.007889641094809573
oneshot_prune_seed0,0,oneshot_prune,20500,82,stage2.conv0,2,0.29999909577546297,0,0,221184,66355,0.015779044392250564
oneshot_prune_seed0,0,oneshot_prune,20500,82,stage2.conv1,2,0.29999909577546297,0,0,442368,132710,0.03155808878450113
oneshot_prune_seed0,0,oneshot_prune,20500,82,stage3.conv0,3,0.30000022605613424,0,0,884736,265421,0.06311641536637085
oneshot_prune_seed0,0,oneshot_prune,20500,82,stage3.conv1,3,0.30000022605613424,0,0,1769472,530842,0.1262328307327417
oneshot_prune_seed0,0,oneshot_prune,20500,82,stage4.conv0,4,0.3,0,0,2211840,663552,0.1577909195172428
oneshot_prune_seed0,0,oneshot_prune,20500,82,stage4.conv1,4,0.3,0,0,2764800,829440,0.1972386493965535
oneshot_prune_seed0,0,oneshot_prune,20500,82,stage5.conv0,5,0.3,0,0,2764800,829440,0.1972386493965535
oneshot_prune_seed0,0,oneshot_prune,20500,82,stage5.conv1,5,0.3,0,0,2764800,829440,0.1972386493965535
oneshot_prune_seed0,0,oneshot_prune,20750,83,stage0.conv1,0,0.2999855324074074,0,0,27648,8294,0.0019722913750181022
oneshot_prune_seed0,0,oneshot_prune,20750,83,stage1.conv0,1,0.30000361689814814,0,0,55296,16589,0.003944820547404786
oneshot_prune_seed0,0,oneshot_prune,20750,83,stage1.conv1,1,0.30000361689814814,0,0,110592,33178,0.007889641094809573
oneshot_prune_seed0,0,oneshot_prune,20750,83,stage2.conv0,2,0.29999909577546297,0,0,221184,66355,0.015779044392250564
oneshot_prune_seed0,0,oneshot_prune,20750,83,stage2.conv1,2,0.29999909577546297,0,0,442368,132710,0.03155808878450113
oneshot_prune_seed0,0,oneshot_prune,20750,83,stage3.conv0,3,0.30000022605613424,0,0,884736,265421,0.06311641536637085
oneshot_prune_seed0,0,oneshot_prune,20750,83,stage3.conv1,3,0.30000022605613424,0,0,1769472,530842,0.1262328307327417
oneshot_prune_seed0,0,oneshot_prune,20750,83,stage4.conv0,4,0.3,0,0,2211840,663552,0.1577909195172428
oneshot_prune_seed0,0,oneshot_prune,20750,83,stage4.conv1,4,0.3,0,0,2764800,829440,0.1972386493965535
oneshot_prune_seed0,0,oneshot_prune,20750,83,stage5.conv0,5,0.3,0,0,2764800,829440,0.1972386493965535
oneshot_prune_seed0,0,oneshot_prune,20750,83,stage5.conv1,5,0.3,0,0,2764800,829440,0.1972386493965535
oneshot_prune_seed0,0,oneshot_prune,21000,84,stage0.conv1,0,0.2999855324074074,0,0,27648,8294,0.0019722913750181022
oneshot_prune_seed0,0,oneshot_prune,21000,84,stage1.conv0,1,0.30000361689814814,0,0,55296,16589,0.003944820547404786
oneshot_prune_seed0,0,oneshot_prune,21000,84,stage1.conv1,1,0.30000361689814814,0,0,110592,33178,0.007889641094809573
oneshot_prune_seed0,0,oneshot_prune,21000,84,stage2.conv0,2,0.29999909577546297,0,0,221184,66355,0.015779044392250564
oneshot_prune_seed0,0,oneshot_prune,21000,84,stage2.conv1,2,0.29999909577546297,0,0,442368,132710,0.03155808878450113
oneshot_prune_seed0,0,oneshot_prune,21000,84,stage3.conv0,3,0.30000022605613424,0,0,884736,265421,0.06311641536637085
oneshot_prune_seed0,0,oneshot_prune,21000,84,stage3.conv1,3,0.30000022605613424,0,0,1769472,530842,0.1262328307327417
oneshot_prune_seed0,0,oneshot_prune,21000,84,stage4.conv0,4,0.3,0,0,2211840,663552,0.1577909195172428
oneshot_prune_seed0,0,oneshot_prune,21000,84,stage4.conv1,4,0.3,0,0,2764800,829440,0.1972386493965535
oneshot_prune_seed0,0,oneshot_prune,21000,84,stage5.conv0,5,0.3,0,0,2764800,829440,0.1972386493965535
oneshot_prune_seed0,0,oneshot_prune,21000,84,stage5.conv1,5,0.3,0,0,2764800,829440,0.1972386493965535
oneshot_prune_seed0,0,oneshot_prune,21250,85,stage0.conv1,0,0.2999855324074074,0,0,27648,8294,0.0019722913750181022
oneshot_prune_seed0,0,oneshot_prune,21250,85,stage1.conv0,1,0.30000361689814814,0,0,55296,16589,0.003944820547404786
oneshot_prune_seed0,0,oneshot_prune,21250,85,stage1.conv1,1,0.30000361689814814,0,0,110592,33178,0.007889641094809573
oneshot_prune_seed0,0,oneshot_prune,21250,85,stage2.conv0,2,0.29999909577546297,0,0,221184,66355,0.015779044392250564
oneshot_prune_seed0,0,oneshot_prune,21250,85,stage2.conv1,2,0.29999909577546297,0,0,442368,132710,0.03155808878450113
oneshot_prune_seed0,0,oneshot_prune,21250,85,stage3.conv0,3,0.30000022605613424,0,0,884736,265421,0.06311641536637085
oneshot_prune_seed0,0,oneshot_prune,21250,85,stage3.conv1,3,0.30000022605613424,0,0,1769472,530842,0.1262328307327417
oneshot_prune_seed0,0,oneshot_prune,21250,85,stage4.conv0,4,0.3,0,0,2211840,663552,0.1577909195172428
oneshot_prune_seed0,0,oneshot_prune,21250,85,stage4.conv1,4,0.3,0,0,2764800,829440,0.1972386493965535
oneshot_prune_seed0,0,oneshot_prune,21250,85,stage5.conv0,5,0.3,0,0,2764800,829440,0.1972386493965535
oneshot_prune_seed0,0,oneshot_prune,21250,85,stage5.conv1,5,0.3,0,0,2764800,829440,0.1972386493965535
oneshot_prune_seed0,0,oneshot_prune,21500,86,stage0.conv1,0,0.2999855324074074,0,0,27648,8294,0.0019722913750181022
oneshot_prune_seed0,0,oneshot_prune,21500,86,stage1.conv0,1,0.30000361689814814,0,0,55296,16589,0.003944820547404786
oneshot_prune_seed0,0,oneshot_prune,21500,86,stage1.conv1,1,0.30000361689814814,0,0,110592,33178,0.007889641094809573
oneshot_prune_seed0,0,oneshot_prune,21500,86,stage2.conv0,2,0.29999909577546297,0,0,221184,66355,0.015779044392250564
oneshot_prune_seed0,0,oneshot_prune,21500,86,stage2.conv1,2,0.29999909577546297,0,0,442368,132710,0.03155808878450113
oneshot_prune_seed0,0,oneshot_prune,21500,86,stage3.conv0,3,0.30000022605613424,0,0,884736,265421,0.06311641536637085
oneshot_prune_seed0,0,oneshot_prune,21500,86,stage3.conv1,3,0.30000022605613424,0,0,1769472,530842,0.1262328307327417
oneshot_prune_seed0,0,oneshot_prune,21500,86,stage4.conv0,4,0.3,0,0,2211840,663552,0.1577909195172428
oneshot_prune_seed0,0,oneshot_prune,21500,86,stage4.conv1,4,0.3,0,0,2764800,829440,0.1972386493965535
oneshot_prune_seed0,0,oneshot_prune,21500,86,stage5.conv0,5,0.3,0,0,2764800,829440,0.1972386493965535
oneshot_prune_seed0,0,oneshot_prune,21500,86,stage5.conv1,5,0.3,0,0,2764800,829440,0.1972386493965535
oneshot_prune_seed0,0,oneshot_prune,21750,87,stage0.conv1,0,0.2999855324074074,0,0,27648,8294,0.0019722913750181022
oneshot_prune_seed0,0,oneshot_prune,21750,87,stage1.conv0,1,0.30000361689814814,0,0,55296,16589,0.003944820547404786
oneshot_prune_seed0,0,oneshot_prune,21750,87,stage1.conv1,1,0.30000361689814814,0,0,110592,33178,0.007889641094809573
oneshot_prune_seed0,0,oneshot_prune,21750,87,stage2.conv0,2,0.29999909577546297,0,0,221184,66355,0.015779044392250564
oneshot_prune_seed0,0,oneshot_prune,21750,87,stage2.conv1,2,0.29999909577546297,0,0,442368,132710,0.03155808878450113
oneshot_prune_seed0,0,oneshot_prune,21750,87,stage3.conv0,3,0.30000022605613424,0,0,884736,265421,0.06311641536637085
oneshot_prune_seed0,0,oneshot_prune,21750,87,stage3.conv1,3,0.30000022605613424,0,0,1769472,530842,0.1262328307327417
oneshot_prune_seed0,0,oneshot_prune,21750,87,stage4.conv0,4,0.3,0,0,2211840,663552,0.1577909195172428
oneshot_prune_seed0,0,oneshot_prune,21750,87,stage4.conv1,4,0.3,0,0,2764800,829440,0.1972386493965535
oneshot_prune_seed0,0,oneshot_prune,21750,87,stage5.conv0,5,0.3,0,0,2764800,829440,0.1972386493965535
oneshot_prune_seed0,0,oneshot_prune,21750,87,stage5.conv1,5,0.3,0,0,2764800,829440,0.1972386493965535
oneshot_prune_seed0,0,oneshot_prune,22000,88,stage0.conv1,0,0.2999855324074074,0,0,27648,8294,0.0019722913750181022
oneshot_prune_seed0,0,oneshot_prune,22000,88,stage1.conv0,1,0.30000361689814814,0,0,55296,16589,0.003944820547404786
oneshot_prune_seed0,0,oneshot_prune,22000,88,stage1.conv1,1,0.30000361689814814,0,0,110592,33178,0.007889641094809573
oneshot_prune_seed0,0,oneshot_prune,22000,88,stage2.conv0,2,0.29999909577546297,0,0,221184,66355,0.015779044392250564
oneshot_prune_seed0,0,oneshot_prune,22000,88,stage2.conv1,2,0.29999909577546297,0,0,442368,132710,0.03155808878450113
oneshot_prune_seed0,0,oneshot_prune,22000,88,stage3.conv0,3,0.30000022605613424,0,0,884736,265421,0.06311641536637085
oneshot_prune_seed0,0,oneshot_prune,22000,88,stage3.conv1,3,0.30000022605613424,0,0,1769472,530842,0.1262328307327417
oneshot_prune_seed0,0,oneshot_prune,22000,88,stage4.conv0,4,0.3,0,0,2211840,663552,0.1577909195172428
oneshot_prune_seed0,0,oneshot_prune,22000,88,stage4.conv1,4,0.3,0,0,2764800,829440,0.1972386493965535
oneshot_prune_seed0,0,oneshot_prune,22000,88,stage5.conv0,5,0.3,0,0,2764800,829440,0.1972386493965535
oneshot_prune_seed0,0,oneshot_prune,22000,88,stage5.conv1,5,0.3,0,0,2764800,829440,0.1972386493965535
oneshot_prune_seed0,0,oneshot_prune,22250,89,stage0.conv1,0,0.2999855324074074,0,0,27648,8294,0.0019722913750181022
oneshot_prune_seed0,0,oneshot_prune,22250,89,stage1.conv0,1,0.30000361689814814,0,0,55296,16589,0.003944820547404786
oneshot_prune_seed0,0,oneshot_prune,22250,89,stage1.conv1,1,0.30000361689814814,0,0,110592,33178,0.007889641094809573
oneshot_prune_seed0,0,oneshot_prune,22250,89,stage2.conv0,2,0.29999909577546297,0,0,221184,66355,0.015779044392250564
oneshot_prune_seed0,0,oneshot_prune,22250,89,stage2.conv1,2,0.29999909577546297,0,0,442368,132710,0.03155808878450113
oneshot_prune_seed0,0,oneshot_prune,22250,89,stage3.conv0,3,0.30000022605613424,0,0,884736,265421,0.06311641536637085
oneshot_prune_seed0,0,oneshot_prune,22250,89,stage3.conv1,3,0.30000022605613424,0,0,1769472,530842,0.1262328307327417
oneshot_prune_seed0,0,oneshot_prune,22250,89,stage4.conv0,4,0.3,0,0,2211840,663552,0.1577909195172428
oneshot_prune_seed0,0,oneshot_prune,22250,89,stage4.conv1,4,0.3,0,0,2764800,829440,0.1972386493965535
oneshot_prune_seed0,0,oneshot_prune,22250,89,stage5.conv0,5,0.3,0,0,2764800,829440,0.1972386493965535
oneshot_prune_seed0,0,oneshot_prune,22250,89,stage5.conv1,5,0.3,0,0,2764800,829440,0.1972386493965535
oneshot_prune_seed0,0,oneshot_prune,22500,90,stage0.conv1,0,0.2999855324074074,0,0,27648,8294,0.0019722913750181022
oneshot_prune_seed0,0,oneshot_prune,22500,90,stage1.conv0,1,0.30000361689814814,0,0,55296,16589,0.003944820547404786
oneshot_prune_seed0,0,oneshot_prune,22500,90,stage1.conv1,1,0.30000361689814814,0,0,110592,33178,0.007889641094809573
oneshot_prune_seed0,0,oneshot_prune,22500,90,stage2.conv0,2,0.29999909577546297,0,0,221184,66355,0.015779044392250564
oneshot_prune_seed0,0,oneshot_prune,22500,90,stage2.conv1,2,0.29999909577546297,0,0,442368,132710,0.03155808878450113
oneshot_prune_seed0,0,oneshot_prune,22500,90,stage3.conv0,3,0.30000022605613424,0,0,884736,265421,0.06311641536637085
oneshot_prune_seed0,0,oneshot_prune,22500,90,stage3.conv1,3,0.30000022605613424,0,0,1769472,530842,0.1262328307327417
oneshot_prune_seed0,0,oneshot_prune,22500,90,stage4.conv0,4,0.3,0,0,2211840,663552,0.1577909195172428
oneshot_prune_seed0,0,oneshot_prune,22500,90,stage4.conv1,4,0.3,0,0,2764800,829440,0.1972386493965535
oneshot_prune_seed0,0,oneshot_prune,22500,90,stage5.conv0,5,0.3,0,0,2764800,829440,0.1972386493965535
oneshot_prune_seed0,0,oneshot_prune,22500,90,stage5.conv1,5,0.3,0,0,2764800,829440,0.1972386493965535
oneshot_prune_seed0,0,oneshot_prune,22750,91,stage0.conv1,0,0.2999855324074074,0,0,27648,8294,0.0019722913750181022
oneshot_prune_seed0,0,oneshot_prune,22750,91,stage1.conv0,1,0.30000361689814814,0,0,55296,16589,0.003944820547404786
oneshot_prune_seed0,0,oneshot_prune,22750,91,stage1.conv1,1,0.30000361689814814,0,0,110592,33178,0.007889641094809573
oneshot_prune_seed0,0,oneshot_prune,22750,91,stage2.conv0,2,0.29999909577546297,0,0,221184,66355,0.015779044392250564
oneshot_prune_seed0,0,oneshot_prune,22750,91,stage2.conv1,2,0.29999909577546297,0,0,442368,132710,0.03155808878450113
oneshot_prune_seed0,0,oneshot_prune,22750,91,stage3.conv0,3,0.30000022605613424,0,0,884736,265421,0.06311641536637085
oneshot_prune_seed0,0,oneshot_prune,22750,91,stage3.conv1,3,0.30000022605613424,0,0,1769472,530842,0.1262328307327417
oneshot_prune_seed0,0,oneshot_prune,22750,91,stage4.conv0,4,0.3,0,0,2211840,663552,0.1577909195172428
oneshot_prune_seed0,0,oneshot_prune,22750,91,stage4.conv1,4,0.3,0,0,2764800,829440,0.1972386493965535
oneshot_prune_seed0,0,oneshot_prune,22750,91,stage5.conv0,5,0.3,0,0,2764800,829440,0.1972386493965535
oneshot_prune_seed0,0,oneshot_prune,22750,91,stage5.conv1,5,0.3,0,0,2764800,829440,0.1972386493965535
oneshot_prune_seed0,0,oneshot_prune,23000,92,stage0.conv1,0,0.2999855324074074,0,0,27648,8294,0.0019722913750181022
oneshot_prune_seed0,0,oneshot_prune,23000,92,stage1.conv0,1,0.30000361689814814,0,0,55296,16589,0.003944820547404786
oneshot_prune_seed0,0,oneshot_prune,23000,92,stage1.conv1,1,0.30000361689814814,0,0,110592,33178,0.007889641094809573
oneshot_prune_seed0,0,oneshot_prune,23000,92,stage2.conv0,2,0.29999909577546297,0,0,221184,66355,0.015779044392250564
oneshot_prune_seed0,0,oneshot_prune,23000,92,stage2.conv1,2,0.29999909577546297,0,0,442368,132710,0.03155808878450113
oneshot_prune_seed0,0,oneshot_prune,23000,92,stage3.conv0,3,0.30000022605613424,0,0,884736,265421,0.06311641536637085
oneshot_prune_seed0,0,oneshot_prune,23000,92,stage3.conv1,3,0.30000022605613424,0,0,1769472,530842,0.1262328307327417
oneshot_prune_seed0,0,oneshot_prune,23000,92,stage4.conv0,4,0.3,0,0,2211840,663552,0.1577909195172428
oneshot_prune_seed0,0,oneshot_prune,23000,92,stage4.conv1,4,0.3,0,0,2764800,829440,0.1972386493965535
oneshot_prune_seed0,0,oneshot_prune,23000,92,stage5.conv0,5,0.3,0,0,2764800,829440,0.1972386493965535
oneshot_prune_seed0,0,oneshot_prune,23000,92,stage5.conv1,5,0.3,0,0,2764800,829440,0.1972386493965535
oneshot_prune_seed0,0,oneshot_prune,23250,93,stage0.conv1,0,0.2999855324074074,0,0,27648,8294,0.0019722913750181022
oneshot_prune_seed0,0,oneshot_prune,23250,93,stage1.conv0,1,0.30000361689814814,0,0,55296,16589,0.003944820547404786
oneshot_prune_seed0,0,oneshot_prune,23250,93,stage1.conv1,1,0.30000361689814814,0,0,110592,33178,0.007889641094809573
oneshot_prune_seed0,0,oneshot_prune,23250,93,stage2.conv0,2,0.29999909577546297,0,0,221184,66355,0.015779044392250564
oneshot_prune_seed0,0,oneshot_prune,23250,93,stage2.conv1,2,0.29999909577546297,0,0,442368,132710,0.03155808878450113
oneshot_prune_seed0,0,oneshot_prune,23250,93,stage3.conv0,3,0.30000022605613424,0,0,884736,265421,0.06311641536637085
oneshot_prune_seed0,0,oneshot_prune,23250,93,stage3.conv1,3,0.30000022605613424,0,0,1769472,530842,0.1262328307327417
oneshot_prune_seed0,0,oneshot_prune,23250,93,stage4.conv0,4,0.3,0,0,2211840,663552,0.1577909195172428
oneshot_prune_seed0,0,oneshot_prune,23250,93,stage4.conv1,4,0.3,0,0,2764800,829440,0.1972386493965535
oneshot_prune_seed0,0,oneshot_prune,23250,93,stage5.conv0,5,0.3,0,0,2764800,829440,0.1972386493965535
oneshot_prune_seed0,0,oneshot_prune,23250,93,stage5.conv1,5,0.3,0,0,2764800,829440,0.1972386493965535
oneshot_prune_seed0,0,oneshot_prune,23500,94,stage0.conv1,0,0.2999855324074074,0,0,27648,8294,0.0019722913750181022
oneshot_prune_seed0,0,oneshot_prune,23500,94,stage1.conv0,1,0.30000361689814814,0,0,55296,16589,0.003944820547404786
oneshot_prune_seed0,0,oneshot_prune,23500,94,stage1.conv1,1,0.30000361689814814,0,0,110592,33178,0.007889641094809573
oneshot_prune_seed0,0,oneshot_prune,23500,94,stage2.conv0,2,0.29999909577546297,0,0,221184,66355,0.015779044392250564
oneshot_prune_seed0,0,oneshot_prune,23500,94,stage2.conv1,2,0.29999909577546297,0,0,442368,132710,0.03155808878450113
oneshot_prune_seed0,0,oneshot_prune,23500,94,stage3.conv0,3,0.30000022605613424,0,0,884736,265421,0.06311641536637085
oneshot_prune_seed0,0,oneshot_prune,23500,94,stage3.conv1,3,0.30000022605613424,0,0,1769472,530842,0.1262328307327417
oneshot_prune_seed0,0,oneshot_prune,23500,94,stage4.conv0,4,0.3,0,0,2211840,663552,0.1577909195172428
oneshot_prune_seed0,0,oneshot_prune,23500,94,stage4.conv1,4,0.3,0,0,2764800,829440,0.1972386493965535
oneshot_prune_seed0,0,oneshot_prune,23500,94,stage5.conv0,5,0.3,0,0,2764800,829440,0.1972386493965535
oneshot_prune_seed0,0,oneshot_prune,23500,94,stage5.conv1,5,0.3,0,0,2764800,829440,0.1972386493965535
oneshot_prune_seed0,0,oneshot_prune,23750,95,stage0.conv1,0,0.2999855324074074,0,0,27648,8294,0.0019722913750181022
oneshot_prune_seed0,0,oneshot_prune,23750,95,stage1.conv0,1,0.30000361689814814,0,0,55296,16589,0.003944820547404786
oneshot_prune_seed0,0,oneshot_prune,23750,95,stage1.conv1,1,0.30000361689814814,0,0,110592,33178,0.007889641094809573
oneshot_prune_seed0,0,oneshot_prune,23750,95,stage2.conv0,2,0.29999909577546297,0,0,221184,66355,0.015779044392250564
oneshot_prune_seed0,0,oneshot_prune,23750,95,stage2.conv1,2,0.29999909577546297,0,0,442368,132710,0.03155808878450113
oneshot_prune_seed0,0,oneshot_prune,23750,95,stage3.conv0,3,0.30000022605613424,0,0,884736,265421,0.06311641536637085
oneshot_prune_seed0,0,oneshot_prune,23750,95,stage3.conv1,3,0.30000022605613424,0,0,1769472,530842,0.1262328307327417
oneshot_prune_seed0,0,oneshot_prune,23750,95,stage4.conv0,4,0.3,0,0,2211840,663552,0.1577909195172428
oneshot_prune_seed0,0,oneshot_prune,23750,95,stage4.conv1,4,0.3,0,0,2764800,829440,0.1972386493965535
oneshot_prune_seed0,0,oneshot_prune,23750,95,stage5.conv0,5,0.3,0,0,2764800,829440,0.1972386493965535
oneshot_prune_seed0,0,oneshot_prune,23750,95,stage5.conv1,5,0.3,0,0,2764800,829440,0.1972386493965535
oneshot_prune_seed0,0,oneshot_prune,24000,96,stage0.conv1,0,0.2999855324074074,0,0,27648,8294,0.0019722913750181022
oneshot_prune_seed0,0,oneshot_prune,24000,96,stage1.conv0,1,0.30000361689814814,0,0,55296,16589,0.003944820547404786
oneshot_prune_seed0,0,oneshot_prune,24000,96,stage1.conv1,1,0.30000361689814814,0,0,110592,33178,0.007889641094809573
oneshot_prune_seed0,0,oneshot_prune,24000,96,stage2.conv0,2,0.29999909577546297,0,0,221184,66355,0.015779044392250564
oneshot_prune_seed0,0,oneshot_prune,24000,96,stage2.conv1,2,0.29999909577546297,0,0,442368,132710,0.03155808878450113
oneshot_prune_seed0,0,oneshot_prune,24000,96,stage3.conv0,3,0.30000022605613424,0,0,884736,265421,0.06311641536637085
oneshot_prune_seed0,0,oneshot_prune,24000,96,stage3.conv1,3,0.30000022605613424,0,0,1769472,530842,0.1262328307327417
oneshot_prune_seed0,0,oneshot_prune,24000,96,stage4.conv0,4,0.3,0,0,2211840,663552,0.1577909195172428
oneshot_prune_seed0,0,oneshot_prune,24000,96,stage4.conv1,4,0.3,0,0,2764800,829440,0.1972386493965535
oneshot_prune_seed0,0,oneshot_prune,24000,96,stage5.conv0,5,0.3,0,0,2764800,829440,0.1972386493965535
oneshot_prune_seed0,0,oneshot_prune,24000,96,stage5.conv1,5,0.3,0,0,2764800,829440,0.1972386493965535
oneshot_prune_seed0,0,oneshot_prune,24250,97,stage0.conv1,0,0.2999855324074074,0,0,27648,8294,0.0019722913750181022
oneshot_prune_seed0,0,oneshot_prune,24250,97,stage1.conv0,1,0.30000361689814814,0,0,55296,16589,0.003944820547404786
oneshot_prune_seed0,0,oneshot_prune,24250,97,stage1.conv1,1,0.30000361689814814,0,0,110592,33178,0.007889641094809573
oneshot_prune_seed0,0,oneshot_prune,24250,97,stage2.conv0,2,0.29999909577546297,0,0,221184,66355,0.015779044392250564
oneshot_prune_seed0,0,oneshot_prune,24250,97,stage2.conv1,2,0.29999909577546297,0,0,442368,132710,0.03155808878450113
oneshot_prune_seed0,0,oneshot_prune,24250,97,stage3.conv0,3,0.30000022605613424,0,0,884736,265421,0.06311641536637085
oneshot_prune_seed0,0,oneshot_prune,24250,97,stage3.conv1,3,0.30000022605613424,0,0,1769472,530842,0.1262328307327417
oneshot_prune_seed0,0,oneshot_prune,24250,97,stage4.conv0,4,0.3,0,0,2211840,663552,0.1577909195172428
oneshot_prune_seed0,0,oneshot_prune,24250,97,stage4.conv1,4,0.3,0,0,2764800,829440,0.1972386493965535
oneshot_prune_seed0,0,oneshot_prune,24250,97,stage5.conv0,5,0.3,0,0,2764800,829440,0.1972386493965535
oneshot_prune_seed0,0,oneshot_prune,24250,97,stage5.conv1,5,0.3,0,0,2764800,829440,0.1972386493965535
oneshot_prune_seed0,0,oneshot_prune,24500,98,stage0.conv1,0,0.2999855324074074,0,0,27648,8294,0.0019722913750181022
oneshot_prune_seed0,0,oneshot_prune,24500,98,stage1.conv0,1,0.30000361689814814,0,0,55296,16589,0.003944820547404786
oneshot_prune_seed0,0,oneshot_prune,24500,98,stage1.conv1,1,0.30000361689814814,0,0,110592,33178,0.007889641094809573
oneshot_prune_seed0,0,oneshot_prune,24500,98,stage2.conv0,2,0.29999909577546297,0,0,221184,66355,0.015779044392250564
oneshot_prune_seed0,0,oneshot_prune,24500,98,stage2.conv1,2,0.29999909577546297,0,0,442368,132710,0.03155808878450113
oneshot_prune_seed0,0,oneshot_prune,24500,98,stage3.conv0,3,0.30000022605613424,0,0,884736,265421,0.06311641536637085
oneshot_prune_seed0,0,oneshot_prune,24500,98,stage3.conv1,3,0.30000022605613424,0,0,1769472,530842,0.1262328307327417
oneshot_prune_seed0,0,oneshot_prune,24500,98,stage4.conv0,4,0.3,0,0,2211840,663552,0.1577909195172428
oneshot_prune_seed0,0,oneshot_prune,24500,98,stage4.conv1,4,0.3,0,0,2764800,829440,0.1972386493965535
oneshot_prune_seed0,0,oneshot_prune,24500,98,stage5.conv0,5,0.3,0,0,2764800,829440,0.1972386493965535
oneshot_prune_seed0,0,oneshot_prune,24500,98,stage5.conv1,5,0.3,0,0,2764800,829440,0.1972386493965535
oneshot_prune_seed0,0,oneshot_prune,24750,99,stage0.conv1,0,0.2999855324074074,0,0,27648,8294,0.0019722913750181022
oneshot_prune_seed0,0,oneshot_prune,24750,99,stage1.conv0,1,0.30000361689814814,0,0,55296,16589,0.003944820547404786
oneshot_prune_seed0,0,oneshot_prune,24750,99,stage1.conv1,1,0.30000361689814814,0,0,110592,33178,0.007889641094809573
oneshot_prune_seed0,0,oneshot_prune,24750,99,stage2.conv0,2,0.29999909577546297,0,0,221184,66355,0.015779044392250564
oneshot_prune_seed0,0,oneshot_prune,24750,99,stage2.conv1,2,0.29999909577546297,0,0,442368,132710,0.03155808878450113
oneshot_prune_seed0,0,oneshot_prune,24750,99,stage3.conv0,3,0.30000022605613424,0,0,884736,265421,0.06311641536637085
oneshot_prune_seed0,0,oneshot_prune,24750,99,stage3.conv1,3,0.30000022605613424,0,0,1769472,530842,0.1262328307327417
oneshot_prune_seed0,0,oneshot_prune,24750,99,stage4.conv0,4,0.3,0,0,2211840,663552,0.1577909195172428
oneshot_prune_seed0,0,oneshot_prune,24750,99,stage4.conv1,4,0.3,0,0,2764800,829440,0.1972386493965535
oneshot_prune_seed0,0,oneshot_prune,24750,99,stage5.conv0,5,0.3,0,0,2764800,829440,0.1972386493965535
oneshot_prune_seed0,0,oneshot_prune,24750,99,stage5.conv1,5,0.3,0,0,2764800,829440,0.1972386493965535
